measurement_time,measurement_id,measurement_name,participant_id,participant_started_at,invite_code,current_day_of_study,current_intervention_id,current_intervention_name,survey1_id,survey1_name,is_survey1,survey1_question1_id,survey1_question1_text,survey1_question1_response,survey1_question2_id,survey1_question2_text,survey1_question2_response,survey1_question3_id,survey1_question3_text,survey1_question3_response,survey1_question4_id,survey1_question4_text,survey1_question4_response,survey2_id,survey2_name,is_survey2,survey2_question1_id,survey2_question1_text,survey2_question1_response,survey2_question2_id,survey2_question2_text,survey2_question2_response
2025-05-16 19:45:55.720866Z,cca60e4b-5363-49aa-924a-2843659ad958,Mediators,21af6390-f69a-48d3-9033-9150527ad76b,2025-04-14 22:00:00.000Z,,31,d63b26cb-df4a-44e1-9ee6-dfbe60f893ac,No indoor plants!,7fbd8e06-c5a2-4ac6-a3ff-c4fa4a98f48f,Outcome,false,9f5424f4-f23c-49ee-baa8-77d96a62552d,"Overall, how stressful was your day?
",,538ce40a-2d9f-4e77-843f-c429b9a6e0b8,"What level of stress do you expect for the next day?
",,e66d6b15-e85e-45fd-822c-217e8e96fa68,How much did this method (having indoor plants in your surroundings) help you feel better about yourself? <b>(1 = Not helpful at all to 10 = Very helpful)  <i>(Answer ONLY if you have had indoor plants around you!)</i></b>,,db6e7cf1-33ba-4222-8dc7-53d98d0643ba,"When you are not practicing the method (not having indoor plants in your surroundings) today, do you feel a lack or difficulty managing your stress? <b>(1 = No difficulty to 10 = Significant difficulty) <i>(Answer ONLY if you have NOT had indoor plants around you!)</i></b>",,cca60e4b-5363-49aa-924a-2843659ad958,Mediators,true,e1e6ff2f-3524-49ae-9a21-35c2fb37f22c,"Did anything about your <b>educational life</b> stress you out today, like homework, presentations, or exams?",6,9a3579bf-c4bd-430a-9ce7-4d5e9fad6397,"Do you feel stressed out today by <b>overthinking</b>?
",7
2025-05-16 19:45:47.926903Z,7fbd8e06-c5a2-4ac6-a3ff-c4fa4a98f48f,Outcome,21af6390-f69a-48d3-9033-9150527ad76b,2025-04-14 22:00:00.000Z,,31,d63b26cb-df4a-44e1-9ee6-dfbe60f893ac,No indoor plants!,7fbd8e06-c5a2-4ac6-a3ff-c4fa4a98f48f,Outcome,true,9f5424f4-f23c-49ee-baa8-77d96a62552d,"Overall, how stressful was your day?
",8,538ce40a-2d9f-4e77-843f-c429b9a6e0b8,"What level of stress do you expect for the next day?
",7,e66d6b15-e85e-45fd-822c-217e8e96fa68,How much did this method (having indoor plants in your surroundings) help you feel better about yourself? <b>(1 = Not helpful at all to 10 = Very helpful)  <i>(Answer ONLY if you have had indoor plants around you!)</i></b>,1,db6e7cf1-33ba-4222-8dc7-53d98d0643ba,"When you are not practicing the method (not having indoor plants in your surroundings) today, do you feel a lack or difficulty managing your stress? <b>(1 = No difficulty to 10 = Significant difficulty) <i>(Answer ONLY if you have NOT had indoor plants around you!)</i></b>",6,cca60e4b-5363-49aa-924a-2843659ad958,Mediators,false,e1e6ff2f-3524-49ae-9a21-35c2fb37f22c,"Did anything about your <b>educational life</b> stress you out today, like homework, presentations, or exams?",,9a3579bf-c4bd-430a-9ce7-4d5e9fad6397,"Do you feel stressed out today by <b>overthinking</b>?
",
2025-05-15 19:07:45.756266Z,cca60e4b-5363-49aa-924a-2843659ad958,Mediators,21af6390-f69a-48d3-9033-9150527ad76b,2025-04-14 22:00:00.000Z,,30,d63b26cb-df4a-44e1-9ee6-dfbe60f893ac,No indoor plants!,7fbd8e06-c5a2-4ac6-a3ff-c4fa4a98f48f,Outcome,false,9f5424f4-f23c-49ee-baa8-77d96a62552d,"Overall, how stressful was your day?
",,538ce40a-2d9f-4e77-843f-c429b9a6e0b8,"What level of stress do you expect for the next day?
",,e66d6b15-e85e-45fd-822c-217e8e96fa68,How much did this method (having indoor plants in your surroundings) help you feel better about yourself? <b>(1 = Not helpful at all to 10 = Very helpful)  <i>(Answer ONLY if you have had indoor plants around you!)</i></b>,,db6e7cf1-33ba-4222-8dc7-53d98d0643ba,"When you are not practicing the method (not having indoor plants in your surroundings) today, do you feel a lack or difficulty managing your stress? <b>(1 = No difficulty to 10 = Significant difficulty) <i>(Answer ONLY if you have NOT had indoor plants around you!)</i></b>",,cca60e4b-5363-49aa-924a-2843659ad958,Mediators,true,e1e6ff2f-3524-49ae-9a21-35c2fb37f22c,"Did anything about your <b>educational life</b> stress you out today, like homework, presentations, or exams?",7,9a3579bf-c4bd-430a-9ce7-4d5e9fad6397,"Do you feel stressed out today by <b>overthinking</b>?
",7
2025-05-15 19:07:40.249681Z,7fbd8e06-c5a2-4ac6-a3ff-c4fa4a98f48f,Outcome,21af6390-f69a-48d3-9033-9150527ad76b,2025-04-14 22:00:00.000Z,,30,d63b26cb-df4a-44e1-9ee6-dfbe60f893ac,No indoor plants!,7fbd8e06-c5a2-4ac6-a3ff-c4fa4a98f48f,Outcome,true,9f5424f4-f23c-49ee-baa8-77d96a62552d,"Overall, how stressful was your day?
",7,538ce40a-2d9f-4e77-843f-c429b9a6e0b8,"What level of stress do you expect for the next day?
",8,e66d6b15-e85e-45fd-822c-217e8e96fa68,How much did this method (having indoor plants in your surroundings) help you feel better about yourself? <b>(1 = Not helpful at all to 10 = Very helpful)  <i>(Answer ONLY if you have had indoor plants around you!)</i></b>,1,db6e7cf1-33ba-4222-8dc7-53d98d0643ba,"When you are not practicing the method (not having indoor plants in your surroundings) today, do you feel a lack or difficulty managing your stress? <b>(1 = No difficulty to 10 = Significant difficulty) <i>(Answer ONLY if you have NOT had indoor plants around you!)</i></b>",5,cca60e4b-5363-49aa-924a-2843659ad958,Mediators,false,e1e6ff2f-3524-49ae-9a21-35c2fb37f22c,"Did anything about your <b>educational life</b> stress you out today, like homework, presentations, or exams?",,9a3579bf-c4bd-430a-9ce7-4d5e9fad6397,"Do you feel stressed out today by <b>overthinking</b>?
",
2025-05-14 20:03:21.362412Z,cca60e4b-5363-49aa-924a-2843659ad958,Mediators,21af6390-f69a-48d3-9033-9150527ad76b,2025-04-14 22:00:00.000Z,,29,d63b26cb-df4a-44e1-9ee6-dfbe60f893ac,No indoor plants!,7fbd8e06-c5a2-4ac6-a3ff-c4fa4a98f48f,Outcome,false,9f5424f4-f23c-49ee-baa8-77d96a62552d,"Overall, how stressful was your day?
",,538ce40a-2d9f-4e77-843f-c429b9a6e0b8,"What level of stress do you expect for the next day?
",,e66d6b15-e85e-45fd-822c-217e8e96fa68,How much did this method (having indoor plants in your surroundings) help you feel better about yourself? <b>(1 = Not helpful at all to 10 = Very helpful)  <i>(Answer ONLY if you have had indoor plants around you!)</i></b>,,db6e7cf1-33ba-4222-8dc7-53d98d0643ba,"When you are not practicing the method (not having indoor plants in your surroundings) today, do you feel a lack or difficulty managing your stress? <b>(1 = No difficulty to 10 = Significant difficulty) <i>(Answer ONLY if you have NOT had indoor plants around you!)</i></b>",,cca60e4b-5363-49aa-924a-2843659ad958,Mediators,true,e1e6ff2f-3524-49ae-9a21-35c2fb37f22c,"Did anything about your <b>educational life</b> stress you out today, like homework, presentations, or exams?",5,9a3579bf-c4bd-430a-9ce7-4d5e9fad6397,"Do you feel stressed out today by <b>overthinking</b>?
",5
2025-05-14 20:03:14.055754Z,7fbd8e06-c5a2-4ac6-a3ff-c4fa4a98f48f,Outcome,21af6390-f69a-48d3-9033-9150527ad76b,2025-04-14 22:00:00.000Z,,29,d63b26cb-df4a-44e1-9ee6-dfbe60f893ac,No indoor plants!,7fbd8e06-c5a2-4ac6-a3ff-c4fa4a98f48f,Outcome,true,9f5424f4-f23c-49ee-baa8-77d96a62552d,"Overall, how stressful was your day?
",5,538ce40a-2d9f-4e77-843f-c429b9a6e0b8,"What level of stress do you expect for the next day?
",5,e66d6b15-e85e-45fd-822c-217e8e96fa68,How much did this method (having indoor plants in your surroundings) help you feel better about yourself? <b>(1 = Not helpful at all to 10 = Very helpful)  <i>(Answer ONLY if you have had indoor plants around you!)</i></b>,1,db6e7cf1-33ba-4222-8dc7-53d98d0643ba,"When you are not practicing the method (not having indoor plants in your surroundings) today, do you feel a lack or difficulty managing your stress? <b>(1 = No difficulty to 10 = Significant difficulty) <i>(Answer ONLY if you have NOT had indoor plants around you!)</i></b>",5,cca60e4b-5363-49aa-924a-2843659ad958,Mediators,false,e1e6ff2f-3524-49ae-9a21-35c2fb37f22c,"Did anything about your <b>educational life</b> stress you out today, like homework, presentations, or exams?",,9a3579bf-c4bd-430a-9ce7-4d5e9fad6397,"Do you feel stressed out today by <b>overthinking</b>?
",
2025-05-13 19:04:20.820359Z,cca60e4b-5363-49aa-924a-2843659ad958,Mediators,21af6390-f69a-48d3-9033-9150527ad76b,2025-04-14 22:00:00.000Z,,28,d63b26cb-df4a-44e1-9ee6-dfbe60f893ac,No indoor plants!,7fbd8e06-c5a2-4ac6-a3ff-c4fa4a98f48f,Outcome,false,9f5424f4-f23c-49ee-baa8-77d96a62552d,"Overall, how stressful was your day?
",,538ce40a-2d9f-4e77-843f-c429b9a6e0b8,"What level of stress do you expect for the next day?
",,e66d6b15-e85e-45fd-822c-217e8e96fa68,How much did this method (having indoor plants in your surroundings) help you feel better about yourself? <b>(1 = Not helpful at all to 10 = Very helpful)  <i>(Answer ONLY if you have had indoor plants around you!)</i></b>,,db6e7cf1-33ba-4222-8dc7-53d98d0643ba,"When you are not practicing the method (not having indoor plants in your surroundings) today, do you feel a lack or difficulty managing your stress? <b>(1 = No difficulty to 10 = Significant difficulty) <i>(Answer ONLY if you have NOT had indoor plants around you!)</i></b>",,cca60e4b-5363-49aa-924a-2843659ad958,Mediators,true,e1e6ff2f-3524-49ae-9a21-35c2fb37f22c,"Did anything about your <b>educational life</b> stress you out today, like homework, presentations, or exams?",7,9a3579bf-c4bd-430a-9ce7-4d5e9fad6397,"Do you feel stressed out today by <b>overthinking</b>?
",7
2025-05-13 19:04:13.129780Z,7fbd8e06-c5a2-4ac6-a3ff-c4fa4a98f48f,Outcome,21af6390-f69a-48d3-9033-9150527ad76b,2025-04-14 22:00:00.000Z,,28,d63b26cb-df4a-44e1-9ee6-dfbe60f893ac,No indoor plants!,7fbd8e06-c5a2-4ac6-a3ff-c4fa4a98f48f,Outcome,true,9f5424f4-f23c-49ee-baa8-77d96a62552d,"Overall, how stressful was your day?
",6,538ce40a-2d9f-4e77-843f-c429b9a6e0b8,"What level of stress do you expect for the next day?
",7,e66d6b15-e85e-45fd-822c-217e8e96fa68,How much did this method (having indoor plants in your surroundings) help you feel better about yourself? <b>(1 = Not helpful at all to 10 = Very helpful)  <i>(Answer ONLY if you have had indoor plants around you!)</i></b>,1,db6e7cf1-33ba-4222-8dc7-53d98d0643ba,"When you are not practicing the method (not having indoor plants in your surroundings) today, do you feel a lack or difficulty managing your stress? <b>(1 = No difficulty to 10 = Significant difficulty) <i>(Answer ONLY if you have NOT had indoor plants around you!)</i></b>",5,cca60e4b-5363-49aa-924a-2843659ad958,Mediators,false,e1e6ff2f-3524-49ae-9a21-35c2fb37f22c,"Did anything about your <b>educational life</b> stress you out today, like homework, presentations, or exams?",,9a3579bf-c4bd-430a-9ce7-4d5e9fad6397,"Do you feel stressed out today by <b>overthinking</b>?
",
2025-05-12 19:00:38.095954Z,cca60e4b-5363-49aa-924a-2843659ad958,Mediators,21af6390-f69a-48d3-9033-9150527ad76b,2025-04-14 22:00:00.000Z,,27,801e95db-9a93-4b86-b82a-4040faca41f1,Indoor plants!,7fbd8e06-c5a2-4ac6-a3ff-c4fa4a98f48f,Outcome,false,9f5424f4-f23c-49ee-baa8-77d96a62552d,"Overall, how stressful was your day?
",,538ce40a-2d9f-4e77-843f-c429b9a6e0b8,"What level of stress do you expect for the next day?
",,e66d6b15-e85e-45fd-822c-217e8e96fa68,How much did this method (having indoor plants in your surroundings) help you feel better about yourself? <b>(1 = Not helpful at all to 10 = Very helpful)  <i>(Answer ONLY if you have had indoor plants around you!)</i></b>,,db6e7cf1-33ba-4222-8dc7-53d98d0643ba,"When you are not practicing the method (not having indoor plants in your surroundings) today, do you feel a lack or difficulty managing your stress? <b>(1 = No difficulty to 10 = Significant difficulty) <i>(Answer ONLY if you have NOT had indoor plants around you!)</i></b>",,cca60e4b-5363-49aa-924a-2843659ad958,Mediators,true,e1e6ff2f-3524-49ae-9a21-35c2fb37f22c,"Did anything about your <b>educational life</b> stress you out today, like homework, presentations, or exams?",6,9a3579bf-c4bd-430a-9ce7-4d5e9fad6397,"Do you feel stressed out today by <b>overthinking</b>?
",7
2025-05-12 19:00:27.717742Z,7fbd8e06-c5a2-4ac6-a3ff-c4fa4a98f48f,Outcome,21af6390-f69a-48d3-9033-9150527ad76b,2025-04-14 22:00:00.000Z,,27,801e95db-9a93-4b86-b82a-4040faca41f1,Indoor plants!,7fbd8e06-c5a2-4ac6-a3ff-c4fa4a98f48f,Outcome,true,9f5424f4-f23c-49ee-baa8-77d96a62552d,"Overall, how stressful was your day?
",5,538ce40a-2d9f-4e77-843f-c429b9a6e0b8,"What level of stress do you expect for the next day?
",6,e66d6b15-e85e-45fd-822c-217e8e96fa68,How much did this method (having indoor plants in your surroundings) help you feel better about yourself? <b>(1 = Not helpful at all to 10 = Very helpful)  <i>(Answer ONLY if you have had indoor plants around you!)</i></b>,7,db6e7cf1-33ba-4222-8dc7-53d98d0643ba,"When you are not practicing the method (not having indoor plants in your surroundings) today, do you feel a lack or difficulty managing your stress? <b>(1 = No difficulty to 10 = Significant difficulty) <i>(Answer ONLY if you have NOT had indoor plants around you!)</i></b>",1,cca60e4b-5363-49aa-924a-2843659ad958,Mediators,false,e1e6ff2f-3524-49ae-9a21-35c2fb37f22c,"Did anything about your <b>educational life</b> stress you out today, like homework, presentations, or exams?",,9a3579bf-c4bd-430a-9ce7-4d5e9fad6397,"Do you feel stressed out today by <b>overthinking</b>?
",
2025-05-11 19:00:39.303152Z,cca60e4b-5363-49aa-924a-2843659ad958,Mediators,21af6390-f69a-48d3-9033-9150527ad76b,2025-04-14 22:00:00.000Z,,26,801e95db-9a93-4b86-b82a-4040faca41f1,Indoor plants!,7fbd8e06-c5a2-4ac6-a3ff-c4fa4a98f48f,Outcome,false,9f5424f4-f23c-49ee-baa8-77d96a62552d,"Overall, how stressful was your day?
",,538ce40a-2d9f-4e77-843f-c429b9a6e0b8,"What level of stress do you expect for the next day?
",,e66d6b15-e85e-45fd-822c-217e8e96fa68,How much did this method (having indoor plants in your surroundings) help you feel better about yourself? <b>(1 = Not helpful at all to 10 = Very helpful)  <i>(Answer ONLY if you have had indoor plants around you!)</i></b>,,db6e7cf1-33ba-4222-8dc7-53d98d0643ba,"When you are not practicing the method (not having indoor plants in your surroundings) today, do you feel a lack or difficulty managing your stress? <b>(1 = No difficulty to 10 = Significant difficulty) <i>(Answer ONLY if you have NOT had indoor plants around you!)</i></b>",,cca60e4b-5363-49aa-924a-2843659ad958,Mediators,true,e1e6ff2f-3524-49ae-9a21-35c2fb37f22c,"Did anything about your <b>educational life</b> stress you out today, like homework, presentations, or exams?",4,9a3579bf-c4bd-430a-9ce7-4d5e9fad6397,"Do you feel stressed out today by <b>overthinking</b>?
",2
2025-05-11 19:00:27.924427Z,7fbd8e06-c5a2-4ac6-a3ff-c4fa4a98f48f,Outcome,21af6390-f69a-48d3-9033-9150527ad76b,2025-04-14 22:00:00.000Z,,26,801e95db-9a93-4b86-b82a-4040faca41f1,Indoor plants!,7fbd8e06-c5a2-4ac6-a3ff-c4fa4a98f48f,Outcome,true,9f5424f4-f23c-49ee-baa8-77d96a62552d,"Overall, how stressful was your day?
",3,538ce40a-2d9f-4e77-843f-c429b9a6e0b8,"What level of stress do you expect for the next day?
",5,e66d6b15-e85e-45fd-822c-217e8e96fa68,How much did this method (having indoor plants in your surroundings) help you feel better about yourself? <b>(1 = Not helpful at all to 10 = Very helpful)  <i>(Answer ONLY if you have had indoor plants around you!)</i></b>,4,db6e7cf1-33ba-4222-8dc7-53d98d0643ba,"When you are not practicing the method (not having indoor plants in your surroundings) today, do you feel a lack or difficulty managing your stress? <b>(1 = No difficulty to 10 = Significant difficulty) <i>(Answer ONLY if you have NOT had indoor plants around you!)</i></b>",1,cca60e4b-5363-49aa-924a-2843659ad958,Mediators,false,e1e6ff2f-3524-49ae-9a21-35c2fb37f22c,"Did anything about your <b>educational life</b> stress you out today, like homework, presentations, or exams?",,9a3579bf-c4bd-430a-9ce7-4d5e9fad6397,"Do you feel stressed out today by <b>overthinking</b>?
",
2025-05-10 19:05:47.668585Z,cca60e4b-5363-49aa-924a-2843659ad958,Mediators,21af6390-f69a-48d3-9033-9150527ad76b,2025-04-14 22:00:00.000Z,,25,801e95db-9a93-4b86-b82a-4040faca41f1,Indoor plants!,7fbd8e06-c5a2-4ac6-a3ff-c4fa4a98f48f,Outcome,false,9f5424f4-f23c-49ee-baa8-77d96a62552d,"Overall, how stressful was your day?
",,538ce40a-2d9f-4e77-843f-c429b9a6e0b8,"What level of stress do you expect for the next day?
",,e66d6b15-e85e-45fd-822c-217e8e96fa68,How much did this method (having indoor plants in your surroundings) help you feel better about yourself? <b>(1 = Not helpful at all to 10 = Very helpful)  <i>(Answer ONLY if you have had indoor plants around you!)</i></b>,,db6e7cf1-33ba-4222-8dc7-53d98d0643ba,"When you are not practicing the method (not having indoor plants in your surroundings) today, do you feel a lack or difficulty managing your stress? <b>(1 = No difficulty to 10 = Significant difficulty) <i>(Answer ONLY if you have NOT had indoor plants around you!)</i></b>",,cca60e4b-5363-49aa-924a-2843659ad958,Mediators,true,e1e6ff2f-3524-49ae-9a21-35c2fb37f22c,"Did anything about your <b>educational life</b> stress you out today, like homework, presentations, or exams?",5,9a3579bf-c4bd-430a-9ce7-4d5e9fad6397,"Do you feel stressed out today by <b>overthinking</b>?
",4
2025-05-10 19:05:39.554038Z,7fbd8e06-c5a2-4ac6-a3ff-c4fa4a98f48f,Outcome,21af6390-f69a-48d3-9033-9150527ad76b,2025-04-14 22:00:00.000Z,,25,801e95db-9a93-4b86-b82a-4040faca41f1,Indoor plants!,7fbd8e06-c5a2-4ac6-a3ff-c4fa4a98f48f,Outcome,true,9f5424f4-f23c-49ee-baa8-77d96a62552d,"Overall, how stressful was your day?
",4,538ce40a-2d9f-4e77-843f-c429b9a6e0b8,"What level of stress do you expect for the next day?
",3,e66d6b15-e85e-45fd-822c-217e8e96fa68,How much did this method (having indoor plants in your surroundings) help you feel better about yourself? <b>(1 = Not helpful at all to 10 = Very helpful)  <i>(Answer ONLY if you have had indoor plants around you!)</i></b>,6,db6e7cf1-33ba-4222-8dc7-53d98d0643ba,"When you are not practicing the method (not having indoor plants in your surroundings) today, do you feel a lack or difficulty managing your stress? <b>(1 = No difficulty to 10 = Significant difficulty) <i>(Answer ONLY if you have NOT had indoor plants around you!)</i></b>",1,cca60e4b-5363-49aa-924a-2843659ad958,Mediators,false,e1e6ff2f-3524-49ae-9a21-35c2fb37f22c,"Did anything about your <b>educational life</b> stress you out today, like homework, presentations, or exams?",,9a3579bf-c4bd-430a-9ce7-4d5e9fad6397,"Do you feel stressed out today by <b>overthinking</b>?
",
2025-05-09 19:57:21.795554Z,cca60e4b-5363-49aa-924a-2843659ad958,Mediators,21af6390-f69a-48d3-9033-9150527ad76b,2025-04-14 22:00:00.000Z,,24,801e95db-9a93-4b86-b82a-4040faca41f1,Indoor plants!,7fbd8e06-c5a2-4ac6-a3ff-c4fa4a98f48f,Outcome,false,9f5424f4-f23c-49ee-baa8-77d96a62552d,"Overall, how stressful was your day?
",,538ce40a-2d9f-4e77-843f-c429b9a6e0b8,"What level of stress do you expect for the next day?
",,e66d6b15-e85e-45fd-822c-217e8e96fa68,How much did this method (having indoor plants in your surroundings) help you feel better about yourself? <b>(1 = Not helpful at all to 10 = Very helpful)  <i>(Answer ONLY if you have had indoor plants around you!)</i></b>,,db6e7cf1-33ba-4222-8dc7-53d98d0643ba,"When you are not practicing the method (not having indoor plants in your surroundings) today, do you feel a lack or difficulty managing your stress? <b>(1 = No difficulty to 10 = Significant difficulty) <i>(Answer ONLY if you have NOT had indoor plants around you!)</i></b>",,cca60e4b-5363-49aa-924a-2843659ad958,Mediators,true,e1e6ff2f-3524-49ae-9a21-35c2fb37f22c,"Did anything about your <b>educational life</b> stress you out today, like homework, presentations, or exams?",6,9a3579bf-c4bd-430a-9ce7-4d5e9fad6397,"Do you feel stressed out today by <b>overthinking</b>?
",7
2025-05-09 19:57:12.857176Z,7fbd8e06-c5a2-4ac6-a3ff-c4fa4a98f48f,Outcome,21af6390-f69a-48d3-9033-9150527ad76b,2025-04-14 22:00:00.000Z,,24,801e95db-9a93-4b86-b82a-4040faca41f1,Indoor plants!,7fbd8e06-c5a2-4ac6-a3ff-c4fa4a98f48f,Outcome,true,9f5424f4-f23c-49ee-baa8-77d96a62552d,"Overall, how stressful was your day?
",7,538ce40a-2d9f-4e77-843f-c429b9a6e0b8,"What level of stress do you expect for the next day?
",6,e66d6b15-e85e-45fd-822c-217e8e96fa68,How much did this method (having indoor plants in your surroundings) help you feel better about yourself? <b>(1 = Not helpful at all to 10 = Very helpful)  <i>(Answer ONLY if you have had indoor plants around you!)</i></b>,6,db6e7cf1-33ba-4222-8dc7-53d98d0643ba,"When you are not practicing the method (not having indoor plants in your surroundings) today, do you feel a lack or difficulty managing your stress? <b>(1 = No difficulty to 10 = Significant difficulty) <i>(Answer ONLY if you have NOT had indoor plants around you!)</i></b>",1,cca60e4b-5363-49aa-924a-2843659ad958,Mediators,false,e1e6ff2f-3524-49ae-9a21-35c2fb37f22c,"Did anything about your <b>educational life</b> stress you out today, like homework, presentations, or exams?",,9a3579bf-c4bd-430a-9ce7-4d5e9fad6397,"Do you feel stressed out today by <b>overthinking</b>?
",
2025-05-08 19:43:36.119722Z,cca60e4b-5363-49aa-924a-2843659ad958,Mediators,21af6390-f69a-48d3-9033-9150527ad76b,2025-04-14 22:00:00.000Z,,23,801e95db-9a93-4b86-b82a-4040faca41f1,Indoor plants!,7fbd8e06-c5a2-4ac6-a3ff-c4fa4a98f48f,Outcome,false,9f5424f4-f23c-49ee-baa8-77d96a62552d,"Overall, how stressful was your day?
",,538ce40a-2d9f-4e77-843f-c429b9a6e0b8,"What level of stress do you expect for the next day?
",,e66d6b15-e85e-45fd-822c-217e8e96fa68,How much did this method (having indoor plants in your surroundings) help you feel better about yourself? <b>(1 = Not helpful at all to 10 = Very helpful)  <i>(Answer ONLY if you have had indoor plants around you!)</i></b>,,db6e7cf1-33ba-4222-8dc7-53d98d0643ba,"When you are not practicing the method (not having indoor plants in your surroundings) today, do you feel a lack or difficulty managing your stress? <b>(1 = No difficulty to 10 = Significant difficulty) <i>(Answer ONLY if you have NOT had indoor plants around you!)</i></b>",,cca60e4b-5363-49aa-924a-2843659ad958,Mediators,true,e1e6ff2f-3524-49ae-9a21-35c2fb37f22c,"Did anything about your <b>educational life</b> stress you out today, like homework, presentations, or exams?",4,9a3579bf-c4bd-430a-9ce7-4d5e9fad6397,"Do you feel stressed out today by <b>overthinking</b>?
",5
2025-05-08 19:43:26.003126Z,7fbd8e06-c5a2-4ac6-a3ff-c4fa4a98f48f,Outcome,21af6390-f69a-48d3-9033-9150527ad76b,2025-04-14 22:00:00.000Z,,23,801e95db-9a93-4b86-b82a-4040faca41f1,Indoor plants!,7fbd8e06-c5a2-4ac6-a3ff-c4fa4a98f48f,Outcome,true,9f5424f4-f23c-49ee-baa8-77d96a62552d,"Overall, how stressful was your day?
",6,538ce40a-2d9f-4e77-843f-c429b9a6e0b8,"What level of stress do you expect for the next day?
",4,e66d6b15-e85e-45fd-822c-217e8e96fa68,How much did this method (having indoor plants in your surroundings) help you feel better about yourself? <b>(1 = Not helpful at all to 10 = Very helpful)  <i>(Answer ONLY if you have had indoor plants around you!)</i></b>,5,db6e7cf1-33ba-4222-8dc7-53d98d0643ba,"When you are not practicing the method (not having indoor plants in your surroundings) today, do you feel a lack or difficulty managing your stress? <b>(1 = No difficulty to 10 = Significant difficulty) <i>(Answer ONLY if you have NOT had indoor plants around you!)</i></b>",1,cca60e4b-5363-49aa-924a-2843659ad958,Mediators,false,e1e6ff2f-3524-49ae-9a21-35c2fb37f22c,"Did anything about your <b>educational life</b> stress you out today, like homework, presentations, or exams?",,9a3579bf-c4bd-430a-9ce7-4d5e9fad6397,"Do you feel stressed out today by <b>overthinking</b>?
",
2025-05-07 19:01:06.252534Z,cca60e4b-5363-49aa-924a-2843659ad958,Mediators,21af6390-f69a-48d3-9033-9150527ad76b,2025-04-14 22:00:00.000Z,,22,801e95db-9a93-4b86-b82a-4040faca41f1,Indoor plants!,7fbd8e06-c5a2-4ac6-a3ff-c4fa4a98f48f,Outcome,false,9f5424f4-f23c-49ee-baa8-77d96a62552d,"Overall, how stressful was your day?
",,538ce40a-2d9f-4e77-843f-c429b9a6e0b8,"What level of stress do you expect for the next day?
",,e66d6b15-e85e-45fd-822c-217e8e96fa68,How much did this method (having indoor plants in your surroundings) help you feel better about yourself? <b>(1 = Not helpful at all to 10 = Very helpful)  <i>(Answer ONLY if you have had indoor plants around you!)</i></b>,,db6e7cf1-33ba-4222-8dc7-53d98d0643ba,"When you are not practicing the method (not having indoor plants in your surroundings) today, do you feel a lack or difficulty managing your stress? <b>(1 = No difficulty to 10 = Significant difficulty) <i>(Answer ONLY if you have NOT had indoor plants around you!)</i></b>",,cca60e4b-5363-49aa-924a-2843659ad958,Mediators,true,e1e6ff2f-3524-49ae-9a21-35c2fb37f22c,"Did anything about your <b>educational life</b> stress you out today, like homework, presentations, or exams?",3,9a3579bf-c4bd-430a-9ce7-4d5e9fad6397,"Do you feel stressed out today by <b>overthinking</b>?
",5
2025-05-07 19:00:55.390086Z,7fbd8e06-c5a2-4ac6-a3ff-c4fa4a98f48f,Outcome,21af6390-f69a-48d3-9033-9150527ad76b,2025-04-14 22:00:00.000Z,,22,801e95db-9a93-4b86-b82a-4040faca41f1,Indoor plants!,7fbd8e06-c5a2-4ac6-a3ff-c4fa4a98f48f,Outcome,true,9f5424f4-f23c-49ee-baa8-77d96a62552d,"Overall, how stressful was your day?
",5,538ce40a-2d9f-4e77-843f-c429b9a6e0b8,"What level of stress do you expect for the next day?
",5,e66d6b15-e85e-45fd-822c-217e8e96fa68,How much did this method (having indoor plants in your surroundings) help you feel better about yourself? <b>(1 = Not helpful at all to 10 = Very helpful)  <i>(Answer ONLY if you have had indoor plants around you!)</i></b>,7,db6e7cf1-33ba-4222-8dc7-53d98d0643ba,"When you are not practicing the method (not having indoor plants in your surroundings) today, do you feel a lack or difficulty managing your stress? <b>(1 = No difficulty to 10 = Significant difficulty) <i>(Answer ONLY if you have NOT had indoor plants around you!)</i></b>",1,cca60e4b-5363-49aa-924a-2843659ad958,Mediators,false,e1e6ff2f-3524-49ae-9a21-35c2fb37f22c,"Did anything about your <b>educational life</b> stress you out today, like homework, presentations, or exams?",,9a3579bf-c4bd-430a-9ce7-4d5e9fad6397,"Do you feel stressed out today by <b>overthinking</b>?
",
2025-05-06 19:04:20.679547Z,cca60e4b-5363-49aa-924a-2843659ad958,Mediators,21af6390-f69a-48d3-9033-9150527ad76b,2025-04-14 22:00:00.000Z,,21,801e95db-9a93-4b86-b82a-4040faca41f1,Indoor plants!,7fbd8e06-c5a2-4ac6-a3ff-c4fa4a98f48f,Outcome,false,9f5424f4-f23c-49ee-baa8-77d96a62552d,"Overall, how stressful was your day?
",,538ce40a-2d9f-4e77-843f-c429b9a6e0b8,"What level of stress do you expect for the next day?
",,e66d6b15-e85e-45fd-822c-217e8e96fa68,How much did this method (having indoor plants in your surroundings) help you feel better about yourself? <b>(1 = Not helpful at all to 10 = Very helpful)  <i>(Answer ONLY if you have had indoor plants around you!)</i></b>,,db6e7cf1-33ba-4222-8dc7-53d98d0643ba,"When you are not practicing the method (not having indoor plants in your surroundings) today, do you feel a lack or difficulty managing your stress? <b>(1 = No difficulty to 10 = Significant difficulty) <i>(Answer ONLY if you have NOT had indoor plants around you!)</i></b>",,cca60e4b-5363-49aa-924a-2843659ad958,Mediators,true,e1e6ff2f-3524-49ae-9a21-35c2fb37f22c,"Did anything about your <b>educational life</b> stress you out today, like homework, presentations, or exams?",9,9a3579bf-c4bd-430a-9ce7-4d5e9fad6397,"Do you feel stressed out today by <b>overthinking</b>?
",9
2025-05-06 19:04:10.694292Z,7fbd8e06-c5a2-4ac6-a3ff-c4fa4a98f48f,Outcome,21af6390-f69a-48d3-9033-9150527ad76b,2025-04-14 22:00:00.000Z,,21,801e95db-9a93-4b86-b82a-4040faca41f1,Indoor plants!,7fbd8e06-c5a2-4ac6-a3ff-c4fa4a98f48f,Outcome,true,9f5424f4-f23c-49ee-baa8-77d96a62552d,"Overall, how stressful was your day?
",9,538ce40a-2d9f-4e77-843f-c429b9a6e0b8,"What level of stress do you expect for the next day?
",9,e66d6b15-e85e-45fd-822c-217e8e96fa68,How much did this method (having indoor plants in your surroundings) help you feel better about yourself? <b>(1 = Not helpful at all to 10 = Very helpful)  <i>(Answer ONLY if you have had indoor plants around you!)</i></b>,6,db6e7cf1-33ba-4222-8dc7-53d98d0643ba,"When you are not practicing the method (not having indoor plants in your surroundings) today, do you feel a lack or difficulty managing your stress? <b>(1 = No difficulty to 10 = Significant difficulty) <i>(Answer ONLY if you have NOT had indoor plants around you!)</i></b>",1,cca60e4b-5363-49aa-924a-2843659ad958,Mediators,false,e1e6ff2f-3524-49ae-9a21-35c2fb37f22c,"Did anything about your <b>educational life</b> stress you out today, like homework, presentations, or exams?",,9a3579bf-c4bd-430a-9ce7-4d5e9fad6397,"Do you feel stressed out today by <b>overthinking</b>?
",
2025-05-05 19:59:22.219337Z,cca60e4b-5363-49aa-924a-2843659ad958,Mediators,21af6390-f69a-48d3-9033-9150527ad76b,2025-04-14 22:00:00.000Z,,20,801e95db-9a93-4b86-b82a-4040faca41f1,Indoor plants!,7fbd8e06-c5a2-4ac6-a3ff-c4fa4a98f48f,Outcome,false,9f5424f4-f23c-49ee-baa8-77d96a62552d,"Overall, how stressful was your day?
",,538ce40a-2d9f-4e77-843f-c429b9a6e0b8,"What level of stress do you expect for the next day?
",,e66d6b15-e85e-45fd-822c-217e8e96fa68,How much did this method (having indoor plants in your surroundings) help you feel better about yourself? <b>(1 = Not helpful at all to 10 = Very helpful)  <i>(Answer ONLY if you have had indoor plants around you!)</i></b>,,db6e7cf1-33ba-4222-8dc7-53d98d0643ba,"When you are not practicing the method (not having indoor plants in your surroundings) today, do you feel a lack or difficulty managing your stress? <b>(1 = No difficulty to 10 = Significant difficulty) <i>(Answer ONLY if you have NOT had indoor plants around you!)</i></b>",,cca60e4b-5363-49aa-924a-2843659ad958,Mediators,true,e1e6ff2f-3524-49ae-9a21-35c2fb37f22c,"Did anything about your <b>educational life</b> stress you out today, like homework, presentations, or exams?",9,9a3579bf-c4bd-430a-9ce7-4d5e9fad6397,"Do you feel stressed out today by <b>overthinking</b>?
",8
2025-05-05 19:59:13.699927Z,7fbd8e06-c5a2-4ac6-a3ff-c4fa4a98f48f,Outcome,21af6390-f69a-48d3-9033-9150527ad76b,2025-04-14 22:00:00.000Z,,20,801e95db-9a93-4b86-b82a-4040faca41f1,Indoor plants!,7fbd8e06-c5a2-4ac6-a3ff-c4fa4a98f48f,Outcome,true,9f5424f4-f23c-49ee-baa8-77d96a62552d,"Overall, how stressful was your day?
",9,538ce40a-2d9f-4e77-843f-c429b9a6e0b8,"What level of stress do you expect for the next day?
",9,e66d6b15-e85e-45fd-822c-217e8e96fa68,How much did this method (having indoor plants in your surroundings) help you feel better about yourself? <b>(1 = Not helpful at all to 10 = Very helpful)  <i>(Answer ONLY if you have had indoor plants around you!)</i></b>,6,db6e7cf1-33ba-4222-8dc7-53d98d0643ba,"When you are not practicing the method (not having indoor plants in your surroundings) today, do you feel a lack or difficulty managing your stress? <b>(1 = No difficulty to 10 = Significant difficulty) <i>(Answer ONLY if you have NOT had indoor plants around you!)</i></b>",1,cca60e4b-5363-49aa-924a-2843659ad958,Mediators,false,e1e6ff2f-3524-49ae-9a21-35c2fb37f22c,"Did anything about your <b>educational life</b> stress you out today, like homework, presentations, or exams?",,9a3579bf-c4bd-430a-9ce7-4d5e9fad6397,"Do you feel stressed out today by <b>overthinking</b>?
",
2025-05-04 19:00:53.209498Z,cca60e4b-5363-49aa-924a-2843659ad958,Mediators,21af6390-f69a-48d3-9033-9150527ad76b,2025-04-14 22:00:00.000Z,,19,d63b26cb-df4a-44e1-9ee6-dfbe60f893ac,No indoor plants!,7fbd8e06-c5a2-4ac6-a3ff-c4fa4a98f48f,Outcome,false,9f5424f4-f23c-49ee-baa8-77d96a62552d,"Overall, how stressful was your day?
",,538ce40a-2d9f-4e77-843f-c429b9a6e0b8,"What level of stress do you expect for the next day?
",,e66d6b15-e85e-45fd-822c-217e8e96fa68,How much did this method (having indoor plants in your surroundings) help you feel better about yourself? <b>(1 = Not helpful at all to 10 = Very helpful)  <i>(Answer ONLY if you have had indoor plants around you!)</i></b>,,db6e7cf1-33ba-4222-8dc7-53d98d0643ba,"When you are not practicing the method (not having indoor plants in your surroundings) today, do you feel a lack or difficulty managing your stress? <b>(1 = No difficulty to 10 = Significant difficulty) <i>(Answer ONLY if you have NOT had indoor plants around you!)</i></b>",,cca60e4b-5363-49aa-924a-2843659ad958,Mediators,true,e1e6ff2f-3524-49ae-9a21-35c2fb37f22c,"Did anything about your <b>educational life</b> stress you out today, like homework, presentations, or exams?",9,9a3579bf-c4bd-430a-9ce7-4d5e9fad6397,"Do you feel stressed out today by <b>overthinking</b>?
",9
2025-05-04 19:00:42.937615Z,7fbd8e06-c5a2-4ac6-a3ff-c4fa4a98f48f,Outcome,21af6390-f69a-48d3-9033-9150527ad76b,2025-04-14 22:00:00.000Z,,19,d63b26cb-df4a-44e1-9ee6-dfbe60f893ac,No indoor plants!,7fbd8e06-c5a2-4ac6-a3ff-c4fa4a98f48f,Outcome,true,9f5424f4-f23c-49ee-baa8-77d96a62552d,"Overall, how stressful was your day?
",8,538ce40a-2d9f-4e77-843f-c429b9a6e0b8,"What level of stress do you expect for the next day?
",8,e66d6b15-e85e-45fd-822c-217e8e96fa68,How much did this method (having indoor plants in your surroundings) help you feel better about yourself? <b>(1 = Not helpful at all to 10 = Very helpful)  <i>(Answer ONLY if you have had indoor plants around you!)</i></b>,1,db6e7cf1-33ba-4222-8dc7-53d98d0643ba,"When you are not practicing the method (not having indoor plants in your surroundings) today, do you feel a lack or difficulty managing your stress? <b>(1 = No difficulty to 10 = Significant difficulty) <i>(Answer ONLY if you have NOT had indoor plants around you!)</i></b>",4,cca60e4b-5363-49aa-924a-2843659ad958,Mediators,false,e1e6ff2f-3524-49ae-9a21-35c2fb37f22c,"Did anything about your <b>educational life</b> stress you out today, like homework, presentations, or exams?",,9a3579bf-c4bd-430a-9ce7-4d5e9fad6397,"Do you feel stressed out today by <b>overthinking</b>?
",
2025-05-03 19:53:51.724794Z,cca60e4b-5363-49aa-924a-2843659ad958,Mediators,21af6390-f69a-48d3-9033-9150527ad76b,2025-04-14 22:00:00.000Z,,18,d63b26cb-df4a-44e1-9ee6-dfbe60f893ac,No indoor plants!,7fbd8e06-c5a2-4ac6-a3ff-c4fa4a98f48f,Outcome,false,9f5424f4-f23c-49ee-baa8-77d96a62552d,"Overall, how stressful was your day?
",,538ce40a-2d9f-4e77-843f-c429b9a6e0b8,"What level of stress do you expect for the next day?
",,e66d6b15-e85e-45fd-822c-217e8e96fa68,How much did this method (having indoor plants in your surroundings) help you feel better about yourself? <b>(1 = Not helpful at all to 10 = Very helpful)  <i>(Answer ONLY if you have had indoor plants around you!)</i></b>,,db6e7cf1-33ba-4222-8dc7-53d98d0643ba,"When you are not practicing the method (not having indoor plants in your surroundings) today, do you feel a lack or difficulty managing your stress? <b>(1 = No difficulty to 10 = Significant difficulty) <i>(Answer ONLY if you have NOT had indoor plants around you!)</i></b>",,cca60e4b-5363-49aa-924a-2843659ad958,Mediators,true,e1e6ff2f-3524-49ae-9a21-35c2fb37f22c,"Did anything about your <b>educational life</b> stress you out today, like homework, presentations, or exams?",7,9a3579bf-c4bd-430a-9ce7-4d5e9fad6397,"Do you feel stressed out today by <b>overthinking</b>?
",7
2025-05-03 19:53:44.640179Z,7fbd8e06-c5a2-4ac6-a3ff-c4fa4a98f48f,Outcome,21af6390-f69a-48d3-9033-9150527ad76b,2025-04-14 22:00:00.000Z,,18,d63b26cb-df4a-44e1-9ee6-dfbe60f893ac,No indoor plants!,7fbd8e06-c5a2-4ac6-a3ff-c4fa4a98f48f,Outcome,true,9f5424f4-f23c-49ee-baa8-77d96a62552d,"Overall, how stressful was your day?
",7,538ce40a-2d9f-4e77-843f-c429b9a6e0b8,"What level of stress do you expect for the next day?
",7,e66d6b15-e85e-45fd-822c-217e8e96fa68,How much did this method (having indoor plants in your surroundings) help you feel better about yourself? <b>(1 = Not helpful at all to 10 = Very helpful)  <i>(Answer ONLY if you have had indoor plants around you!)</i></b>,1,db6e7cf1-33ba-4222-8dc7-53d98d0643ba,"When you are not practicing the method (not having indoor plants in your surroundings) today, do you feel a lack or difficulty managing your stress? <b>(1 = No difficulty to 10 = Significant difficulty) <i>(Answer ONLY if you have NOT had indoor plants around you!)</i></b>",6,cca60e4b-5363-49aa-924a-2843659ad958,Mediators,false,e1e6ff2f-3524-49ae-9a21-35c2fb37f22c,"Did anything about your <b>educational life</b> stress you out today, like homework, presentations, or exams?",,9a3579bf-c4bd-430a-9ce7-4d5e9fad6397,"Do you feel stressed out today by <b>overthinking</b>?
",
2025-05-02 19:00:48.808341Z,cca60e4b-5363-49aa-924a-2843659ad958,Mediators,21af6390-f69a-48d3-9033-9150527ad76b,2025-04-14 22:00:00.000Z,,17,d63b26cb-df4a-44e1-9ee6-dfbe60f893ac,No indoor plants!,7fbd8e06-c5a2-4ac6-a3ff-c4fa4a98f48f,Outcome,false,9f5424f4-f23c-49ee-baa8-77d96a62552d,"Overall, how stressful was your day?
",,538ce40a-2d9f-4e77-843f-c429b9a6e0b8,"What level of stress do you expect for the next day?
",,e66d6b15-e85e-45fd-822c-217e8e96fa68,How much did this method (having indoor plants in your surroundings) help you feel better about yourself? <b>(1 = Not helpful at all to 10 = Very helpful)  <i>(Answer ONLY if you have had indoor plants around you!)</i></b>,,db6e7cf1-33ba-4222-8dc7-53d98d0643ba,"When you are not practicing the method (not having indoor plants in your surroundings) today, do you feel a lack or difficulty managing your stress? <b>(1 = No difficulty to 10 = Significant difficulty) <i>(Answer ONLY if you have NOT had indoor plants around you!)</i></b>",,cca60e4b-5363-49aa-924a-2843659ad958,Mediators,true,e1e6ff2f-3524-49ae-9a21-35c2fb37f22c,"Did anything about your <b>educational life</b> stress you out today, like homework, presentations, or exams?",4,9a3579bf-c4bd-430a-9ce7-4d5e9fad6397,"Do you feel stressed out today by <b>overthinking</b>?
",6
2025-05-02 19:00:35.249604Z,7fbd8e06-c5a2-4ac6-a3ff-c4fa4a98f48f,Outcome,21af6390-f69a-48d3-9033-9150527ad76b,2025-04-14 22:00:00.000Z,,17,d63b26cb-df4a-44e1-9ee6-dfbe60f893ac,No indoor plants!,7fbd8e06-c5a2-4ac6-a3ff-c4fa4a98f48f,Outcome,true,9f5424f4-f23c-49ee-baa8-77d96a62552d,"Overall, how stressful was your day?
",7,538ce40a-2d9f-4e77-843f-c429b9a6e0b8,"What level of stress do you expect for the next day?
",5,e66d6b15-e85e-45fd-822c-217e8e96fa68,How much did this method (having indoor plants in your surroundings) help you feel better about yourself? <b>(1 = Not helpful at all to 10 = Very helpful)  <i>(Answer ONLY if you have had indoor plants around you!)</i></b>,1,db6e7cf1-33ba-4222-8dc7-53d98d0643ba,"When you are not practicing the method (not having indoor plants in your surroundings) today, do you feel a lack or difficulty managing your stress? <b>(1 = No difficulty to 10 = Significant difficulty) <i>(Answer ONLY if you have NOT had indoor plants around you!)</i></b>",5,cca60e4b-5363-49aa-924a-2843659ad958,Mediators,false,e1e6ff2f-3524-49ae-9a21-35c2fb37f22c,"Did anything about your <b>educational life</b> stress you out today, like homework, presentations, or exams?",,9a3579bf-c4bd-430a-9ce7-4d5e9fad6397,"Do you feel stressed out today by <b>overthinking</b>?
",
2025-05-01 19:59:00.862238Z,cca60e4b-5363-49aa-924a-2843659ad958,Mediators,21af6390-f69a-48d3-9033-9150527ad76b,2025-04-14 22:00:00.000Z,,16,d63b26cb-df4a-44e1-9ee6-dfbe60f893ac,No indoor plants!,7fbd8e06-c5a2-4ac6-a3ff-c4fa4a98f48f,Outcome,false,9f5424f4-f23c-49ee-baa8-77d96a62552d,"Overall, how stressful was your day?
",,538ce40a-2d9f-4e77-843f-c429b9a6e0b8,"What level of stress do you expect for the next day?
",,e66d6b15-e85e-45fd-822c-217e8e96fa68,How much did this method (having indoor plants in your surroundings) help you feel better about yourself? <b>(1 = Not helpful at all to 10 = Very helpful)  <i>(Answer ONLY if you have had indoor plants around you!)</i></b>,,db6e7cf1-33ba-4222-8dc7-53d98d0643ba,"When you are not practicing the method (not having indoor plants in your surroundings) today, do you feel a lack or difficulty managing your stress? <b>(1 = No difficulty to 10 = Significant difficulty) <i>(Answer ONLY if you have NOT had indoor plants around you!)</i></b>",,cca60e4b-5363-49aa-924a-2843659ad958,Mediators,true,e1e6ff2f-3524-49ae-9a21-35c2fb37f22c,"Did anything about your <b>educational life</b> stress you out today, like homework, presentations, or exams?",5,9a3579bf-c4bd-430a-9ce7-4d5e9fad6397,"Do you feel stressed out today by <b>overthinking</b>?
",5
2025-05-01 19:58:50.458344Z,7fbd8e06-c5a2-4ac6-a3ff-c4fa4a98f48f,Outcome,21af6390-f69a-48d3-9033-9150527ad76b,2025-04-14 22:00:00.000Z,,16,d63b26cb-df4a-44e1-9ee6-dfbe60f893ac,No indoor plants!,7fbd8e06-c5a2-4ac6-a3ff-c4fa4a98f48f,Outcome,true,9f5424f4-f23c-49ee-baa8-77d96a62552d,"Overall, how stressful was your day?
",6,538ce40a-2d9f-4e77-843f-c429b9a6e0b8,"What level of stress do you expect for the next day?
",7,e66d6b15-e85e-45fd-822c-217e8e96fa68,How much did this method (having indoor plants in your surroundings) help you feel better about yourself? <b>(1 = Not helpful at all to 10 = Very helpful)  <i>(Answer ONLY if you have had indoor plants around you!)</i></b>,1,db6e7cf1-33ba-4222-8dc7-53d98d0643ba,"When you are not practicing the method (not having indoor plants in your surroundings) today, do you feel a lack or difficulty managing your stress? <b>(1 = No difficulty to 10 = Significant difficulty) <i>(Answer ONLY if you have NOT had indoor plants around you!)</i></b>",4,cca60e4b-5363-49aa-924a-2843659ad958,Mediators,false,e1e6ff2f-3524-49ae-9a21-35c2fb37f22c,"Did anything about your <b>educational life</b> stress you out today, like homework, presentations, or exams?",,9a3579bf-c4bd-430a-9ce7-4d5e9fad6397,"Do you feel stressed out today by <b>overthinking</b>?
",
2025-04-30 19:07:52.649131Z,cca60e4b-5363-49aa-924a-2843659ad958,Mediators,21af6390-f69a-48d3-9033-9150527ad76b,2025-04-14 22:00:00.000Z,,15,801e95db-9a93-4b86-b82a-4040faca41f1,Indoor plants!,7fbd8e06-c5a2-4ac6-a3ff-c4fa4a98f48f,Outcome,false,9f5424f4-f23c-49ee-baa8-77d96a62552d,"Overall, how stressful was your day?
",,538ce40a-2d9f-4e77-843f-c429b9a6e0b8,"What level of stress do you expect for the next day?
",,e66d6b15-e85e-45fd-822c-217e8e96fa68,How much did this method (having indoor plants in your surroundings) help you feel better about yourself? <b>(1 = Not helpful at all to 10 = Very helpful)  <i>(Answer ONLY if you have had indoor plants around you!)</i></b>,,db6e7cf1-33ba-4222-8dc7-53d98d0643ba,"When you are not practicing the method (not having indoor plants in your surroundings) today, do you feel a lack or difficulty managing your stress? <b>(1 = No difficulty to 10 = Significant difficulty) <i>(Answer ONLY if you have NOT had indoor plants around you!)</i></b>",,cca60e4b-5363-49aa-924a-2843659ad958,Mediators,true,e1e6ff2f-3524-49ae-9a21-35c2fb37f22c,"Did anything about your <b>educational life</b> stress you out today, like homework, presentations, or exams?",9,9a3579bf-c4bd-430a-9ce7-4d5e9fad6397,"Do you feel stressed out today by <b>overthinking</b>?
",8
2025-04-30 19:07:31.392783Z,7fbd8e06-c5a2-4ac6-a3ff-c4fa4a98f48f,Outcome,21af6390-f69a-48d3-9033-9150527ad76b,2025-04-14 22:00:00.000Z,,15,801e95db-9a93-4b86-b82a-4040faca41f1,Indoor plants!,7fbd8e06-c5a2-4ac6-a3ff-c4fa4a98f48f,Outcome,true,9f5424f4-f23c-49ee-baa8-77d96a62552d,"Overall, how stressful was your day?
",9,538ce40a-2d9f-4e77-843f-c429b9a6e0b8,"What level of stress do you expect for the next day?
",6,e66d6b15-e85e-45fd-822c-217e8e96fa68,How much did this method (having indoor plants in your surroundings) help you feel better about yourself? <b>(1 = Not helpful at all to 10 = Very helpful)  <i>(Answer ONLY if you have had indoor plants around you!)</i></b>,6,db6e7cf1-33ba-4222-8dc7-53d98d0643ba,"When you are not practicing the method (not having indoor plants in your surroundings) today, do you feel a lack or difficulty managing your stress? <b>(1 = No difficulty to 10 = Significant difficulty) <i>(Answer ONLY if you have NOT had indoor plants around you!)</i></b>",1,cca60e4b-5363-49aa-924a-2843659ad958,Mediators,false,e1e6ff2f-3524-49ae-9a21-35c2fb37f22c,"Did anything about your <b>educational life</b> stress you out today, like homework, presentations, or exams?",,9a3579bf-c4bd-430a-9ce7-4d5e9fad6397,"Do you feel stressed out today by <b>overthinking</b>?
",
2025-04-29 20:21:28.784134Z,cca60e4b-5363-49aa-924a-2843659ad958,Mediators,21af6390-f69a-48d3-9033-9150527ad76b,2025-04-14 22:00:00.000Z,,14,801e95db-9a93-4b86-b82a-4040faca41f1,Indoor plants!,7fbd8e06-c5a2-4ac6-a3ff-c4fa4a98f48f,Outcome,false,9f5424f4-f23c-49ee-baa8-77d96a62552d,"Overall, how stressful was your day?
",,538ce40a-2d9f-4e77-843f-c429b9a6e0b8,"What level of stress do you expect for the next day?
",,e66d6b15-e85e-45fd-822c-217e8e96fa68,How much did this method (having indoor plants in your surroundings) help you feel better about yourself? <b>(1 = Not helpful at all to 10 = Very helpful)  <i>(Answer ONLY if you have had indoor plants around you!)</i></b>,,db6e7cf1-33ba-4222-8dc7-53d98d0643ba,"When you are not practicing the method (not having indoor plants in your surroundings) today, do you feel a lack or difficulty managing your stress? <b>(1 = No difficulty to 10 = Significant difficulty) <i>(Answer ONLY if you have NOT had indoor plants around you!)</i></b>",,cca60e4b-5363-49aa-924a-2843659ad958,Mediators,true,e1e6ff2f-3524-49ae-9a21-35c2fb37f22c,"Did anything about your <b>educational life</b> stress you out today, like homework, presentations, or exams?",7,9a3579bf-c4bd-430a-9ce7-4d5e9fad6397,"Do you feel stressed out today by <b>overthinking</b>?
",7
2025-04-29 20:21:18.630992Z,7fbd8e06-c5a2-4ac6-a3ff-c4fa4a98f48f,Outcome,21af6390-f69a-48d3-9033-9150527ad76b,2025-04-14 22:00:00.000Z,,14,801e95db-9a93-4b86-b82a-4040faca41f1,Indoor plants!,7fbd8e06-c5a2-4ac6-a3ff-c4fa4a98f48f,Outcome,true,9f5424f4-f23c-49ee-baa8-77d96a62552d,"Overall, how stressful was your day?
",7,538ce40a-2d9f-4e77-843f-c429b9a6e0b8,"What level of stress do you expect for the next day?
",8,e66d6b15-e85e-45fd-822c-217e8e96fa68,How much did this method (having indoor plants in your surroundings) help you feel better about yourself? <b>(1 = Not helpful at all to 10 = Very helpful)  <i>(Answer ONLY if you have had indoor plants around you!)</i></b>,9,db6e7cf1-33ba-4222-8dc7-53d98d0643ba,"When you are not practicing the method (not having indoor plants in your surroundings) today, do you feel a lack or difficulty managing your stress? <b>(1 = No difficulty to 10 = Significant difficulty) <i>(Answer ONLY if you have NOT had indoor plants around you!)</i></b>",1,cca60e4b-5363-49aa-924a-2843659ad958,Mediators,false,e1e6ff2f-3524-49ae-9a21-35c2fb37f22c,"Did anything about your <b>educational life</b> stress you out today, like homework, presentations, or exams?",,9a3579bf-c4bd-430a-9ce7-4d5e9fad6397,"Do you feel stressed out today by <b>overthinking</b>?
",
2025-04-28 19:04:30.324323Z,cca60e4b-5363-49aa-924a-2843659ad958,Mediators,21af6390-f69a-48d3-9033-9150527ad76b,2025-04-14 22:00:00.000Z,,13,801e95db-9a93-4b86-b82a-4040faca41f1,Indoor plants!,7fbd8e06-c5a2-4ac6-a3ff-c4fa4a98f48f,Outcome,false,9f5424f4-f23c-49ee-baa8-77d96a62552d,"Overall, how stressful was your day?
",,538ce40a-2d9f-4e77-843f-c429b9a6e0b8,"What level of stress do you expect for the next day?
",,e66d6b15-e85e-45fd-822c-217e8e96fa68,How much did this method (having indoor plants in your surroundings) help you feel better about yourself? <b>(1 = Not helpful at all to 10 = Very helpful)  <i>(Answer ONLY if you have had indoor plants around you!)</i></b>,,db6e7cf1-33ba-4222-8dc7-53d98d0643ba,"When you are not practicing the method (not having indoor plants in your surroundings) today, do you feel a lack or difficulty managing your stress? <b>(1 = No difficulty to 10 = Significant difficulty) <i>(Answer ONLY if you have NOT had indoor plants around you!)</i></b>",,cca60e4b-5363-49aa-924a-2843659ad958,Mediators,true,e1e6ff2f-3524-49ae-9a21-35c2fb37f22c,"Did anything about your <b>educational life</b> stress you out today, like homework, presentations, or exams?",8,9a3579bf-c4bd-430a-9ce7-4d5e9fad6397,"Do you feel stressed out today by <b>overthinking</b>?
",7
2025-04-28 19:04:23.009605Z,7fbd8e06-c5a2-4ac6-a3ff-c4fa4a98f48f,Outcome,21af6390-f69a-48d3-9033-9150527ad76b,2025-04-14 22:00:00.000Z,,13,801e95db-9a93-4b86-b82a-4040faca41f1,Indoor plants!,7fbd8e06-c5a2-4ac6-a3ff-c4fa4a98f48f,Outcome,true,9f5424f4-f23c-49ee-baa8-77d96a62552d,"Overall, how stressful was your day?
",8,538ce40a-2d9f-4e77-843f-c429b9a6e0b8,"What level of stress do you expect for the next day?
",6,e66d6b15-e85e-45fd-822c-217e8e96fa68,How much did this method (having indoor plants in your surroundings) help you feel better about yourself? <b>(1 = Not helpful at all to 10 = Very helpful)  <i>(Answer ONLY if you have had indoor plants around you!)</i></b>,8,db6e7cf1-33ba-4222-8dc7-53d98d0643ba,"When you are not practicing the method (not having indoor plants in your surroundings) today, do you feel a lack or difficulty managing your stress? <b>(1 = No difficulty to 10 = Significant difficulty) <i>(Answer ONLY if you have NOT had indoor plants around you!)</i></b>",1,cca60e4b-5363-49aa-924a-2843659ad958,Mediators,false,e1e6ff2f-3524-49ae-9a21-35c2fb37f22c,"Did anything about your <b>educational life</b> stress you out today, like homework, presentations, or exams?",,9a3579bf-c4bd-430a-9ce7-4d5e9fad6397,"Do you feel stressed out today by <b>overthinking</b>?
",
2025-04-27 19:13:02.558156Z,cca60e4b-5363-49aa-924a-2843659ad958,Mediators,21af6390-f69a-48d3-9033-9150527ad76b,2025-04-14 22:00:00.000Z,,12,801e95db-9a93-4b86-b82a-4040faca41f1,Indoor plants!,7fbd8e06-c5a2-4ac6-a3ff-c4fa4a98f48f,Outcome,false,9f5424f4-f23c-49ee-baa8-77d96a62552d,"Overall, how stressful was your day?
",,538ce40a-2d9f-4e77-843f-c429b9a6e0b8,"What level of stress do you expect for the next day?
",,e66d6b15-e85e-45fd-822c-217e8e96fa68,How much did this method (having indoor plants in your surroundings) help you feel better about yourself? <b>(1 = Not helpful at all to 10 = Very helpful)  <i>(Answer ONLY if you have had indoor plants around you!)</i></b>,,db6e7cf1-33ba-4222-8dc7-53d98d0643ba,"When you are not practicing the method (not having indoor plants in your surroundings) today, do you feel a lack or difficulty managing your stress? <b>(1 = No difficulty to 10 = Significant difficulty) <i>(Answer ONLY if you have NOT had indoor plants around you!)</i></b>",,cca60e4b-5363-49aa-924a-2843659ad958,Mediators,true,e1e6ff2f-3524-49ae-9a21-35c2fb37f22c,"Did anything about your <b>educational life</b> stress you out today, like homework, presentations, or exams?",9,9a3579bf-c4bd-430a-9ce7-4d5e9fad6397,"Do you feel stressed out today by <b>overthinking</b>?
",9
2025-04-27 19:12:51.419701Z,7fbd8e06-c5a2-4ac6-a3ff-c4fa4a98f48f,Outcome,21af6390-f69a-48d3-9033-9150527ad76b,2025-04-14 22:00:00.000Z,,12,801e95db-9a93-4b86-b82a-4040faca41f1,Indoor plants!,7fbd8e06-c5a2-4ac6-a3ff-c4fa4a98f48f,Outcome,true,9f5424f4-f23c-49ee-baa8-77d96a62552d,"Overall, how stressful was your day?
",9,538ce40a-2d9f-4e77-843f-c429b9a6e0b8,"What level of stress do you expect for the next day?
",9,e66d6b15-e85e-45fd-822c-217e8e96fa68,How much did this method (having indoor plants in your surroundings) help you feel better about yourself? <b>(1 = Not helpful at all to 10 = Very helpful)  <i>(Answer ONLY if you have had indoor plants around you!)</i></b>,7,db6e7cf1-33ba-4222-8dc7-53d98d0643ba,"When you are not practicing the method (not having indoor plants in your surroundings) today, do you feel a lack or difficulty managing your stress? <b>(1 = No difficulty to 10 = Significant difficulty) <i>(Answer ONLY if you have NOT had indoor plants around you!)</i></b>",1,cca60e4b-5363-49aa-924a-2843659ad958,Mediators,false,e1e6ff2f-3524-49ae-9a21-35c2fb37f22c,"Did anything about your <b>educational life</b> stress you out today, like homework, presentations, or exams?",,9a3579bf-c4bd-430a-9ce7-4d5e9fad6397,"Do you feel stressed out today by <b>overthinking</b>?
",
2025-04-26 19:35:25.791097Z,cca60e4b-5363-49aa-924a-2843659ad958,Mediators,21af6390-f69a-48d3-9033-9150527ad76b,2025-04-14 22:00:00.000Z,,11,d63b26cb-df4a-44e1-9ee6-dfbe60f893ac,No indoor plants!,7fbd8e06-c5a2-4ac6-a3ff-c4fa4a98f48f,Outcome,false,9f5424f4-f23c-49ee-baa8-77d96a62552d,"Overall, how stressful was your day?
",,538ce40a-2d9f-4e77-843f-c429b9a6e0b8,"What level of stress do you expect for the next day?
",,e66d6b15-e85e-45fd-822c-217e8e96fa68,How much did this method (having indoor plants in your surroundings) help you feel better about yourself? <b>(1 = Not helpful at all to 10 = Very helpful)  <i>(Answer ONLY if you have had indoor plants around you!)</i></b>,,db6e7cf1-33ba-4222-8dc7-53d98d0643ba,"When you are not practicing the method (not having indoor plants in your surroundings) today, do you feel a lack or difficulty managing your stress? <b>(1 = No difficulty to 10 = Significant difficulty) <i>(Answer ONLY if you have NOT had indoor plants around you!)</i></b>",,cca60e4b-5363-49aa-924a-2843659ad958,Mediators,true,e1e6ff2f-3524-49ae-9a21-35c2fb37f22c,"Did anything about your <b>educational life</b> stress you out today, like homework, presentations, or exams?",7,9a3579bf-c4bd-430a-9ce7-4d5e9fad6397,"Do you feel stressed out today by <b>overthinking</b>?
",7
2025-04-26 19:35:18.901207Z,7fbd8e06-c5a2-4ac6-a3ff-c4fa4a98f48f,Outcome,21af6390-f69a-48d3-9033-9150527ad76b,2025-04-14 22:00:00.000Z,,11,d63b26cb-df4a-44e1-9ee6-dfbe60f893ac,No indoor plants!,7fbd8e06-c5a2-4ac6-a3ff-c4fa4a98f48f,Outcome,true,9f5424f4-f23c-49ee-baa8-77d96a62552d,"Overall, how stressful was your day?
",7,538ce40a-2d9f-4e77-843f-c429b9a6e0b8,"What level of stress do you expect for the next day?
",8,e66d6b15-e85e-45fd-822c-217e8e96fa68,How much did this method (having indoor plants in your surroundings) help you feel better about yourself? <b>(1 = Not helpful at all to 10 = Very helpful)  <i>(Answer ONLY if you have had indoor plants around you!)</i></b>,1,db6e7cf1-33ba-4222-8dc7-53d98d0643ba,"When you are not practicing the method (not having indoor plants in your surroundings) today, do you feel a lack or difficulty managing your stress? <b>(1 = No difficulty to 10 = Significant difficulty) <i>(Answer ONLY if you have NOT had indoor plants around you!)</i></b>",7,cca60e4b-5363-49aa-924a-2843659ad958,Mediators,false,e1e6ff2f-3524-49ae-9a21-35c2fb37f22c,"Did anything about your <b>educational life</b> stress you out today, like homework, presentations, or exams?",,9a3579bf-c4bd-430a-9ce7-4d5e9fad6397,"Do you feel stressed out today by <b>overthinking</b>?
",
2025-04-25 19:57:38.732256Z,cca60e4b-5363-49aa-924a-2843659ad958,Mediators,21af6390-f69a-48d3-9033-9150527ad76b,2025-04-14 22:00:00.000Z,,10,d63b26cb-df4a-44e1-9ee6-dfbe60f893ac,No indoor plants!,7fbd8e06-c5a2-4ac6-a3ff-c4fa4a98f48f,Outcome,false,9f5424f4-f23c-49ee-baa8-77d96a62552d,"Overall, how stressful was your day?
",,538ce40a-2d9f-4e77-843f-c429b9a6e0b8,"What level of stress do you expect for the next day?
",,e66d6b15-e85e-45fd-822c-217e8e96fa68,How much did this method (having indoor plants in your surroundings) help you feel better about yourself? <b>(1 = Not helpful at all to 10 = Very helpful)  <i>(Answer ONLY if you have had indoor plants around you!)</i></b>,,db6e7cf1-33ba-4222-8dc7-53d98d0643ba,"When you are not practicing the method (not having indoor plants in your surroundings) today, do you feel a lack or difficulty managing your stress? <b>(1 = No difficulty to 10 = Significant difficulty) <i>(Answer ONLY if you have NOT had indoor plants around you!)</i></b>",,cca60e4b-5363-49aa-924a-2843659ad958,Mediators,true,e1e6ff2f-3524-49ae-9a21-35c2fb37f22c,"Did anything about your <b>educational life</b> stress you out today, like homework, presentations, or exams?",7,9a3579bf-c4bd-430a-9ce7-4d5e9fad6397,"Do you feel stressed out today by <b>overthinking</b>?
",7
2025-04-25 19:57:29.024002Z,7fbd8e06-c5a2-4ac6-a3ff-c4fa4a98f48f,Outcome,21af6390-f69a-48d3-9033-9150527ad76b,2025-04-14 22:00:00.000Z,,10,d63b26cb-df4a-44e1-9ee6-dfbe60f893ac,No indoor plants!,7fbd8e06-c5a2-4ac6-a3ff-c4fa4a98f48f,Outcome,true,9f5424f4-f23c-49ee-baa8-77d96a62552d,"Overall, how stressful was your day?
",7,538ce40a-2d9f-4e77-843f-c429b9a6e0b8,"What level of stress do you expect for the next day?
",8,e66d6b15-e85e-45fd-822c-217e8e96fa68,How much did this method (having indoor plants in your surroundings) help you feel better about yourself? <b>(1 = Not helpful at all to 10 = Very helpful)  <i>(Answer ONLY if you have had indoor plants around you!)</i></b>,1,db6e7cf1-33ba-4222-8dc7-53d98d0643ba,"When you are not practicing the method (not having indoor plants in your surroundings) today, do you feel a lack or difficulty managing your stress? <b>(1 = No difficulty to 10 = Significant difficulty) <i>(Answer ONLY if you have NOT had indoor plants around you!)</i></b>",8,cca60e4b-5363-49aa-924a-2843659ad958,Mediators,false,e1e6ff2f-3524-49ae-9a21-35c2fb37f22c,"Did anything about your <b>educational life</b> stress you out today, like homework, presentations, or exams?",,9a3579bf-c4bd-430a-9ce7-4d5e9fad6397,"Do you feel stressed out today by <b>overthinking</b>?
",
2025-04-24 19:41:19.176645Z,cca60e4b-5363-49aa-924a-2843659ad958,Mediators,21af6390-f69a-48d3-9033-9150527ad76b,2025-04-14 22:00:00.000Z,,9,d63b26cb-df4a-44e1-9ee6-dfbe60f893ac,No indoor plants!,7fbd8e06-c5a2-4ac6-a3ff-c4fa4a98f48f,Outcome,false,9f5424f4-f23c-49ee-baa8-77d96a62552d,"Overall, how stressful was your day?
",,538ce40a-2d9f-4e77-843f-c429b9a6e0b8,"What level of stress do you expect for the next day?
",,e66d6b15-e85e-45fd-822c-217e8e96fa68,How much did this method (having indoor plants in your surroundings) help you feel better about yourself? <b>(1 = Not helpful at all to 10 = Very helpful)  <i>(Answer ONLY if you have had indoor plants around you!)</i></b>,,db6e7cf1-33ba-4222-8dc7-53d98d0643ba,"When you are not practicing the method (not having indoor plants in your surroundings) today, do you feel a lack or difficulty managing your stress? <b>(1 = No difficulty to 10 = Significant difficulty) <i>(Answer ONLY if you have NOT had indoor plants around you!)</i></b>",,cca60e4b-5363-49aa-924a-2843659ad958,Mediators,true,e1e6ff2f-3524-49ae-9a21-35c2fb37f22c,"Did anything about your <b>educational life</b> stress you out today, like homework, presentations, or exams?",8,9a3579bf-c4bd-430a-9ce7-4d5e9fad6397,"Do you feel stressed out today by <b>overthinking</b>?
",8
2025-04-24 19:41:10.588515Z,7fbd8e06-c5a2-4ac6-a3ff-c4fa4a98f48f,Outcome,21af6390-f69a-48d3-9033-9150527ad76b,2025-04-14 22:00:00.000Z,,9,d63b26cb-df4a-44e1-9ee6-dfbe60f893ac,No indoor plants!,7fbd8e06-c5a2-4ac6-a3ff-c4fa4a98f48f,Outcome,true,9f5424f4-f23c-49ee-baa8-77d96a62552d,"Overall, how stressful was your day?
",7,538ce40a-2d9f-4e77-843f-c429b9a6e0b8,"What level of stress do you expect for the next day?
",8,e66d6b15-e85e-45fd-822c-217e8e96fa68,How much did this method (having indoor plants in your surroundings) help you feel better about yourself? <b>(1 = Not helpful at all to 10 = Very helpful)  <i>(Answer ONLY if you have had indoor plants around you!)</i></b>,1,db6e7cf1-33ba-4222-8dc7-53d98d0643ba,"When you are not practicing the method (not having indoor plants in your surroundings) today, do you feel a lack or difficulty managing your stress? <b>(1 = No difficulty to 10 = Significant difficulty) <i>(Answer ONLY if you have NOT had indoor plants around you!)</i></b>",7,cca60e4b-5363-49aa-924a-2843659ad958,Mediators,false,e1e6ff2f-3524-49ae-9a21-35c2fb37f22c,"Did anything about your <b>educational life</b> stress you out today, like homework, presentations, or exams?",,9a3579bf-c4bd-430a-9ce7-4d5e9fad6397,"Do you feel stressed out today by <b>overthinking</b>?
",
2025-04-23 19:01:20.274090Z,cca60e4b-5363-49aa-924a-2843659ad958,Mediators,21af6390-f69a-48d3-9033-9150527ad76b,2025-04-14 22:00:00.000Z,,8,d63b26cb-df4a-44e1-9ee6-dfbe60f893ac,No indoor plants!,7fbd8e06-c5a2-4ac6-a3ff-c4fa4a98f48f,Outcome,false,9f5424f4-f23c-49ee-baa8-77d96a62552d,"Overall, how stressful was your day?
",,538ce40a-2d9f-4e77-843f-c429b9a6e0b8,"What level of stress do you expect for the next day?
",,e66d6b15-e85e-45fd-822c-217e8e96fa68,How much did this method (having indoor plants in your surroundings) help you feel better about yourself? <b>(1 = Not helpful at all to 10 = Very helpful)  <i>(Answer ONLY if you have had indoor plants around you!)</i></b>,,db6e7cf1-33ba-4222-8dc7-53d98d0643ba,"When you are not practicing the method (not having indoor plants in your surroundings) today, do you feel a lack or difficulty managing your stress? <b>(1 = No difficulty to 10 = Significant difficulty) <i>(Answer ONLY if you have NOT had indoor plants around you!)</i></b>",,cca60e4b-5363-49aa-924a-2843659ad958,Mediators,true,e1e6ff2f-3524-49ae-9a21-35c2fb37f22c,"Did anything about your <b>educational life</b> stress you out today, like homework, presentations, or exams?",8,9a3579bf-c4bd-430a-9ce7-4d5e9fad6397,"Do you feel stressed out today by <b>overthinking</b>?
",8
2025-04-23 19:00:38.848513Z,7fbd8e06-c5a2-4ac6-a3ff-c4fa4a98f48f,Outcome,21af6390-f69a-48d3-9033-9150527ad76b,2025-04-14 22:00:00.000Z,,8,d63b26cb-df4a-44e1-9ee6-dfbe60f893ac,No indoor plants!,7fbd8e06-c5a2-4ac6-a3ff-c4fa4a98f48f,Outcome,true,9f5424f4-f23c-49ee-baa8-77d96a62552d,"Overall, how stressful was your day?
",7,538ce40a-2d9f-4e77-843f-c429b9a6e0b8,"What level of stress do you expect for the next day?
",8,e66d6b15-e85e-45fd-822c-217e8e96fa68,How much did this method (having indoor plants in your surroundings) help you feel better about yourself? <b>(1 = Not helpful at all to 10 = Very helpful)  <i>(Answer ONLY if you have had indoor plants around you!)</i></b>,1,db6e7cf1-33ba-4222-8dc7-53d98d0643ba,"When you are not practicing the method (not having indoor plants in your surroundings) today, do you feel a lack or difficulty managing your stress? <b>(1 = No difficulty to 10 = Significant difficulty) <i>(Answer ONLY if you have NOT had indoor plants around you!)</i></b>",7,cca60e4b-5363-49aa-924a-2843659ad958,Mediators,false,e1e6ff2f-3524-49ae-9a21-35c2fb37f22c,"Did anything about your <b>educational life</b> stress you out today, like homework, presentations, or exams?",,9a3579bf-c4bd-430a-9ce7-4d5e9fad6397,"Do you feel stressed out today by <b>overthinking</b>?
",
2025-04-22 19:29:55.457241Z,cca60e4b-5363-49aa-924a-2843659ad958,Mediators,21af6390-f69a-48d3-9033-9150527ad76b,2025-04-14 22:00:00.000Z,,7,d63b26cb-df4a-44e1-9ee6-dfbe60f893ac,No indoor plants!,7fbd8e06-c5a2-4ac6-a3ff-c4fa4a98f48f,Outcome,false,9f5424f4-f23c-49ee-baa8-77d96a62552d,"Overall, how stressful was your day?
",,538ce40a-2d9f-4e77-843f-c429b9a6e0b8,"What level of stress do you expect for the next day?
",,e66d6b15-e85e-45fd-822c-217e8e96fa68,How much did this method (having indoor plants in your surroundings) help you feel better about yourself? <b>(1 = Not helpful at all to 10 = Very helpful)  <i>(Answer ONLY if you have had indoor plants around you!)</i></b>,,db6e7cf1-33ba-4222-8dc7-53d98d0643ba,"When you are not practicing the method (not having indoor plants in your surroundings) today, do you feel a lack or difficulty managing your stress? <b>(1 = No difficulty to 10 = Significant difficulty) <i>(Answer ONLY if you have NOT had indoor plants around you!)</i></b>",,cca60e4b-5363-49aa-924a-2843659ad958,Mediators,true,e1e6ff2f-3524-49ae-9a21-35c2fb37f22c,"Did anything about your <b>educational life</b> stress you out today, like homework, presentations, or exams?",8,9a3579bf-c4bd-430a-9ce7-4d5e9fad6397,"Do you feel stressed out today by <b>overthinking</b>?
",8
2025-04-22 19:29:46.277223Z,7fbd8e06-c5a2-4ac6-a3ff-c4fa4a98f48f,Outcome,21af6390-f69a-48d3-9033-9150527ad76b,2025-04-14 22:00:00.000Z,,7,d63b26cb-df4a-44e1-9ee6-dfbe60f893ac,No indoor plants!,7fbd8e06-c5a2-4ac6-a3ff-c4fa4a98f48f,Outcome,true,9f5424f4-f23c-49ee-baa8-77d96a62552d,"Overall, how stressful was your day?
",7,538ce40a-2d9f-4e77-843f-c429b9a6e0b8,"What level of stress do you expect for the next day?
",6,e66d6b15-e85e-45fd-822c-217e8e96fa68,How much did this method (having indoor plants in your surroundings) help you feel better about yourself? <b>(1 = Not helpful at all to 10 = Very helpful)  <i>(Answer ONLY if you have had indoor plants around you!)</i></b>,1,db6e7cf1-33ba-4222-8dc7-53d98d0643ba,"When you are not practicing the method (not having indoor plants in your surroundings) today, do you feel a lack or difficulty managing your stress? <b>(1 = No difficulty to 10 = Significant difficulty) <i>(Answer ONLY if you have NOT had indoor plants around you!)</i></b>",6,cca60e4b-5363-49aa-924a-2843659ad958,Mediators,false,e1e6ff2f-3524-49ae-9a21-35c2fb37f22c,"Did anything about your <b>educational life</b> stress you out today, like homework, presentations, or exams?",,9a3579bf-c4bd-430a-9ce7-4d5e9fad6397,"Do you feel stressed out today by <b>overthinking</b>?
",
2025-04-21 19:43:04.122635Z,cca60e4b-5363-49aa-924a-2843659ad958,Mediators,21af6390-f69a-48d3-9033-9150527ad76b,2025-04-14 22:00:00.000Z,,6,d63b26cb-df4a-44e1-9ee6-dfbe60f893ac,No indoor plants!,7fbd8e06-c5a2-4ac6-a3ff-c4fa4a98f48f,Outcome,false,9f5424f4-f23c-49ee-baa8-77d96a62552d,"Overall, how stressful was your day?
",,538ce40a-2d9f-4e77-843f-c429b9a6e0b8,"What level of stress do you expect for the next day?
",,e66d6b15-e85e-45fd-822c-217e8e96fa68,How much did this method (having indoor plants in your surroundings) help you feel better about yourself? <b>(1 = Not helpful at all to 10 = Very helpful)  <i>(Answer ONLY if you have had indoor plants around you!)</i></b>,,db6e7cf1-33ba-4222-8dc7-53d98d0643ba,"When you are not practicing the method (not having indoor plants in your surroundings) today, do you feel a lack or difficulty managing your stress? <b>(1 = No difficulty to 10 = Significant difficulty) <i>(Answer ONLY if you have NOT had indoor plants around you!)</i></b>",,cca60e4b-5363-49aa-924a-2843659ad958,Mediators,true,e1e6ff2f-3524-49ae-9a21-35c2fb37f22c,"Did anything about your <b>educational life</b> stress you out today, like homework, presentations, or exams?",6,9a3579bf-c4bd-430a-9ce7-4d5e9fad6397,"Do you feel stressed out today by <b>overthinking</b>?
",6
2025-04-21 19:42:48.948399Z,7fbd8e06-c5a2-4ac6-a3ff-c4fa4a98f48f,Outcome,21af6390-f69a-48d3-9033-9150527ad76b,2025-04-14 22:00:00.000Z,,6,d63b26cb-df4a-44e1-9ee6-dfbe60f893ac,No indoor plants!,7fbd8e06-c5a2-4ac6-a3ff-c4fa4a98f48f,Outcome,true,9f5424f4-f23c-49ee-baa8-77d96a62552d,"Overall, how stressful was your day?
",6,538ce40a-2d9f-4e77-843f-c429b9a6e0b8,"What level of stress do you expect for the next day?
",7,e66d6b15-e85e-45fd-822c-217e8e96fa68,How much did this method (having indoor plants in your surroundings) help you feel better about yourself? <b>(1 = Not helpful at all to 10 = Very helpful)  <i>(Answer ONLY if you have had indoor plants around you!)</i></b>,1,db6e7cf1-33ba-4222-8dc7-53d98d0643ba,"When you are not practicing the method (not having indoor plants in your surroundings) today, do you feel a lack or difficulty managing your stress? <b>(1 = No difficulty to 10 = Significant difficulty) <i>(Answer ONLY if you have NOT had indoor plants around you!)</i></b>",7,cca60e4b-5363-49aa-924a-2843659ad958,Mediators,false,e1e6ff2f-3524-49ae-9a21-35c2fb37f22c,"Did anything about your <b>educational life</b> stress you out today, like homework, presentations, or exams?",,9a3579bf-c4bd-430a-9ce7-4d5e9fad6397,"Do you feel stressed out today by <b>overthinking</b>?
",
2025-04-20 19:02:55.721095Z,cca60e4b-5363-49aa-924a-2843659ad958,Mediators,21af6390-f69a-48d3-9033-9150527ad76b,2025-04-14 22:00:00.000Z,,5,d63b26cb-df4a-44e1-9ee6-dfbe60f893ac,No indoor plants!,7fbd8e06-c5a2-4ac6-a3ff-c4fa4a98f48f,Outcome,false,9f5424f4-f23c-49ee-baa8-77d96a62552d,"Overall, how stressful was your day?
",,538ce40a-2d9f-4e77-843f-c429b9a6e0b8,"What level of stress do you expect for the next day?
",,e66d6b15-e85e-45fd-822c-217e8e96fa68,How much did this method (having indoor plants in your surroundings) help you feel better about yourself? <b>(1 = Not helpful at all to 10 = Very helpful)  <i>(Answer ONLY if you have had indoor plants around you!)</i></b>,,db6e7cf1-33ba-4222-8dc7-53d98d0643ba,"When you are not practicing the method (not having indoor plants in your surroundings) today, do you feel a lack or difficulty managing your stress? <b>(1 = No difficulty to 10 = Significant difficulty) <i>(Answer ONLY if you have NOT had indoor plants around you!)</i></b>",,cca60e4b-5363-49aa-924a-2843659ad958,Mediators,true,e1e6ff2f-3524-49ae-9a21-35c2fb37f22c,"Did anything about your <b>educational life</b> stress you out today, like homework, presentations, or exams?",5,9a3579bf-c4bd-430a-9ce7-4d5e9fad6397,"Do you feel stressed out today by <b>overthinking</b>?
",5
2025-04-20 19:02:42.164426Z,7fbd8e06-c5a2-4ac6-a3ff-c4fa4a98f48f,Outcome,21af6390-f69a-48d3-9033-9150527ad76b,2025-04-14 22:00:00.000Z,,5,d63b26cb-df4a-44e1-9ee6-dfbe60f893ac,No indoor plants!,7fbd8e06-c5a2-4ac6-a3ff-c4fa4a98f48f,Outcome,true,9f5424f4-f23c-49ee-baa8-77d96a62552d,"Overall, how stressful was your day?
",5,538ce40a-2d9f-4e77-843f-c429b9a6e0b8,"What level of stress do you expect for the next day?
",6,e66d6b15-e85e-45fd-822c-217e8e96fa68,How much did this method (having indoor plants in your surroundings) help you feel better about yourself? <b>(1 = Not helpful at all to 10 = Very helpful)  <i>(Answer ONLY if you have had indoor plants around you!)</i></b>,1,db6e7cf1-33ba-4222-8dc7-53d98d0643ba,"When you are not practicing the method (not having indoor plants in your surroundings) today, do you feel a lack or difficulty managing your stress? <b>(1 = No difficulty to 10 = Significant difficulty) <i>(Answer ONLY if you have NOT had indoor plants around you!)</i></b>",6,cca60e4b-5363-49aa-924a-2843659ad958,Mediators,false,e1e6ff2f-3524-49ae-9a21-35c2fb37f22c,"Did anything about your <b>educational life</b> stress you out today, like homework, presentations, or exams?",,9a3579bf-c4bd-430a-9ce7-4d5e9fad6397,"Do you feel stressed out today by <b>overthinking</b>?
",
2025-04-19 19:07:08.558389Z,cca60e4b-5363-49aa-924a-2843659ad958,Mediators,21af6390-f69a-48d3-9033-9150527ad76b,2025-04-14 22:00:00.000Z,,4,d63b26cb-df4a-44e1-9ee6-dfbe60f893ac,No indoor plants!,7fbd8e06-c5a2-4ac6-a3ff-c4fa4a98f48f,Outcome,false,9f5424f4-f23c-49ee-baa8-77d96a62552d,"Overall, how stressful was your day?
",,538ce40a-2d9f-4e77-843f-c429b9a6e0b8,"What level of stress do you expect for the next day?
",,e66d6b15-e85e-45fd-822c-217e8e96fa68,How much did this method (having indoor plants in your surroundings) help you feel better about yourself? <b>(1 = Not helpful at all to 10 = Very helpful)  <i>(Answer ONLY if you have had indoor plants around you!)</i></b>,,db6e7cf1-33ba-4222-8dc7-53d98d0643ba,"When you are not practicing the method (not having indoor plants in your surroundings) today, do you feel a lack or difficulty managing your stress? <b>(1 = No difficulty to 10 = Significant difficulty) <i>(Answer ONLY if you have NOT had indoor plants around you!)</i></b>",,cca60e4b-5363-49aa-924a-2843659ad958,Mediators,true,e1e6ff2f-3524-49ae-9a21-35c2fb37f22c,"Did anything about your <b>educational life</b> stress you out today, like homework, presentations, or exams?",5,9a3579bf-c4bd-430a-9ce7-4d5e9fad6397,"Do you feel stressed out today by <b>overthinking</b>?
",5
2025-04-19 19:06:29.711005Z,7fbd8e06-c5a2-4ac6-a3ff-c4fa4a98f48f,Outcome,21af6390-f69a-48d3-9033-9150527ad76b,2025-04-14 22:00:00.000Z,,4,d63b26cb-df4a-44e1-9ee6-dfbe60f893ac,No indoor plants!,7fbd8e06-c5a2-4ac6-a3ff-c4fa4a98f48f,Outcome,true,9f5424f4-f23c-49ee-baa8-77d96a62552d,"Overall, how stressful was your day?
",5,538ce40a-2d9f-4e77-843f-c429b9a6e0b8,"What level of stress do you expect for the next day?
",5,e66d6b15-e85e-45fd-822c-217e8e96fa68,How much did this method (having indoor plants in your surroundings) help you feel better about yourself? <b>(1 = Not helpful at all to 10 = Very helpful)  <i>(Answer ONLY if you have had indoor plants around you!)</i></b>,1,db6e7cf1-33ba-4222-8dc7-53d98d0643ba,"When you are not practicing the method (not having indoor plants in your surroundings) today, do you feel a lack or difficulty managing your stress? <b>(1 = No difficulty to 10 = Significant difficulty) <i>(Answer ONLY if you have NOT had indoor plants around you!)</i></b>",6,cca60e4b-5363-49aa-924a-2843659ad958,Mediators,false,e1e6ff2f-3524-49ae-9a21-35c2fb37f22c,"Did anything about your <b>educational life</b> stress you out today, like homework, presentations, or exams?",,9a3579bf-c4bd-430a-9ce7-4d5e9fad6397,"Do you feel stressed out today by <b>overthinking</b>?
",
2025-04-18 19:00:37.755665Z,cca60e4b-5363-49aa-924a-2843659ad958,Mediators,21af6390-f69a-48d3-9033-9150527ad76b,2025-04-14 22:00:00.000Z,,3,801e95db-9a93-4b86-b82a-4040faca41f1,Indoor plants!,7fbd8e06-c5a2-4ac6-a3ff-c4fa4a98f48f,Outcome,false,9f5424f4-f23c-49ee-baa8-77d96a62552d,"Overall, how stressful was your day?
",,538ce40a-2d9f-4e77-843f-c429b9a6e0b8,"What level of stress do you expect for the next day?
",,e66d6b15-e85e-45fd-822c-217e8e96fa68,How much did this method (having indoor plants in your surroundings) help you feel better about yourself? <b>(1 = Not helpful at all to 10 = Very helpful)  <i>(Answer ONLY if you have had indoor plants around you!)</i></b>,,db6e7cf1-33ba-4222-8dc7-53d98d0643ba,"When you are not practicing the method (not having indoor plants in your surroundings) today, do you feel a lack or difficulty managing your stress? <b>(1 = No difficulty to 10 = Significant difficulty) <i>(Answer ONLY if you have NOT had indoor plants around you!)</i></b>",,cca60e4b-5363-49aa-924a-2843659ad958,Mediators,true,e1e6ff2f-3524-49ae-9a21-35c2fb37f22c,"Did anything about your <b>educational life</b> stress you out today, like homework, presentations, or exams?",5,9a3579bf-c4bd-430a-9ce7-4d5e9fad6397,"Do you feel stressed out today by <b>overthinking</b>?
",5
2025-04-18 19:00:27.504584Z,7fbd8e06-c5a2-4ac6-a3ff-c4fa4a98f48f,Outcome,21af6390-f69a-48d3-9033-9150527ad76b,2025-04-14 22:00:00.000Z,,3,801e95db-9a93-4b86-b82a-4040faca41f1,Indoor plants!,7fbd8e06-c5a2-4ac6-a3ff-c4fa4a98f48f,Outcome,true,9f5424f4-f23c-49ee-baa8-77d96a62552d,"Overall, how stressful was your day?
",6,538ce40a-2d9f-4e77-843f-c429b9a6e0b8,"What level of stress do you expect for the next day?
",5,e66d6b15-e85e-45fd-822c-217e8e96fa68,How much did this method (having indoor plants in your surroundings) help you feel better about yourself? <b>(1 = Not helpful at all to 10 = Very helpful)  <i>(Answer ONLY if you have had indoor plants around you!)</i></b>,8,db6e7cf1-33ba-4222-8dc7-53d98d0643ba,"When you are not practicing the method (not having indoor plants in your surroundings) today, do you feel a lack or difficulty managing your stress? <b>(1 = No difficulty to 10 = Significant difficulty) <i>(Answer ONLY if you have NOT had indoor plants around you!)</i></b>",1,cca60e4b-5363-49aa-924a-2843659ad958,Mediators,false,e1e6ff2f-3524-49ae-9a21-35c2fb37f22c,"Did anything about your <b>educational life</b> stress you out today, like homework, presentations, or exams?",,9a3579bf-c4bd-430a-9ce7-4d5e9fad6397,"Do you feel stressed out today by <b>overthinking</b>?
",
2025-04-17 19:10:12.746633Z,cca60e4b-5363-49aa-924a-2843659ad958,Mediators,21af6390-f69a-48d3-9033-9150527ad76b,2025-04-14 22:00:00.000Z,,2,801e95db-9a93-4b86-b82a-4040faca41f1,Indoor plants!,7fbd8e06-c5a2-4ac6-a3ff-c4fa4a98f48f,Outcome,false,9f5424f4-f23c-49ee-baa8-77d96a62552d,"Overall, how stressful was your day?
",,538ce40a-2d9f-4e77-843f-c429b9a6e0b8,"What level of stress do you expect for the next day?
",,e66d6b15-e85e-45fd-822c-217e8e96fa68,How much did this method (having indoor plants in your surroundings) help you feel better about yourself? <b>(1 = Not helpful at all to 10 = Very helpful)  <i>(Answer ONLY if you have had indoor plants around you!)</i></b>,,db6e7cf1-33ba-4222-8dc7-53d98d0643ba,"When you are not practicing the method (not having indoor plants in your surroundings) today, do you feel a lack or difficulty managing your stress? <b>(1 = No difficulty to 10 = Significant difficulty) <i>(Answer ONLY if you have NOT had indoor plants around you!)</i></b>",,cca60e4b-5363-49aa-924a-2843659ad958,Mediators,true,e1e6ff2f-3524-49ae-9a21-35c2fb37f22c,"Did anything about your <b>educational life</b> stress you out today, like homework, presentations, or exams?",5,9a3579bf-c4bd-430a-9ce7-4d5e9fad6397,"Do you feel stressed out today by <b>overthinking</b>?
",6
2025-04-17 19:09:20.120171Z,7fbd8e06-c5a2-4ac6-a3ff-c4fa4a98f48f,Outcome,21af6390-f69a-48d3-9033-9150527ad76b,2025-04-14 22:00:00.000Z,,2,801e95db-9a93-4b86-b82a-4040faca41f1,Indoor plants!,7fbd8e06-c5a2-4ac6-a3ff-c4fa4a98f48f,Outcome,true,9f5424f4-f23c-49ee-baa8-77d96a62552d,"Overall, how stressful was your day?
",7,538ce40a-2d9f-4e77-843f-c429b9a6e0b8,"What level of stress do you expect for the next day?
",6,e66d6b15-e85e-45fd-822c-217e8e96fa68,How much did this method (having indoor plants in your surroundings) help you feel better about yourself? <b>(1 = Not helpful at all to 10 = Very helpful)  <i>(Answer ONLY if you have had indoor plants around you!)</i></b>,8,db6e7cf1-33ba-4222-8dc7-53d98d0643ba,"When you are not practicing the method (not having indoor plants in your surroundings) today, do you feel a lack or difficulty managing your stress? <b>(1 = No difficulty to 10 = Significant difficulty) <i>(Answer ONLY if you have NOT had indoor plants around you!)</i></b>",1,cca60e4b-5363-49aa-924a-2843659ad958,Mediators,false,e1e6ff2f-3524-49ae-9a21-35c2fb37f22c,"Did anything about your <b>educational life</b> stress you out today, like homework, presentations, or exams?",,9a3579bf-c4bd-430a-9ce7-4d5e9fad6397,"Do you feel stressed out today by <b>overthinking</b>?
",
2025-04-16 19:11:41.131220Z,cca60e4b-5363-49aa-924a-2843659ad958,Mediators,21af6390-f69a-48d3-9033-9150527ad76b,2025-04-14 22:00:00.000Z,,1,801e95db-9a93-4b86-b82a-4040faca41f1,Indoor plants!,7fbd8e06-c5a2-4ac6-a3ff-c4fa4a98f48f,Outcome,false,9f5424f4-f23c-49ee-baa8-77d96a62552d,"Overall, how stressful was your day?
",,538ce40a-2d9f-4e77-843f-c429b9a6e0b8,"What level of stress do you expect for the next day?
",,e66d6b15-e85e-45fd-822c-217e8e96fa68,How much did this method (having indoor plants in your surroundings) help you feel better about yourself? <b>(1 = Not helpful at all to 10 = Very helpful)  <i>(Answer ONLY if you have had indoor plants around you!)</i></b>,,db6e7cf1-33ba-4222-8dc7-53d98d0643ba,"When you are not practicing the method (not having indoor plants in your surroundings) today, do you feel a lack or difficulty managing your stress? <b>(1 = No difficulty to 10 = Significant difficulty) <i>(Answer ONLY if you have NOT had indoor plants around you!)</i></b>",,cca60e4b-5363-49aa-924a-2843659ad958,Mediators,true,e1e6ff2f-3524-49ae-9a21-35c2fb37f22c,"Did anything about your <b>educational life</b> stress you out today, like homework, presentations, or exams?",7,9a3579bf-c4bd-430a-9ce7-4d5e9fad6397,"Do you feel stressed out today by <b>overthinking</b>?
",8
2025-04-16 19:11:28.393330Z,7fbd8e06-c5a2-4ac6-a3ff-c4fa4a98f48f,Outcome,21af6390-f69a-48d3-9033-9150527ad76b,2025-04-14 22:00:00.000Z,,1,801e95db-9a93-4b86-b82a-4040faca41f1,Indoor plants!,7fbd8e06-c5a2-4ac6-a3ff-c4fa4a98f48f,Outcome,true,9f5424f4-f23c-49ee-baa8-77d96a62552d,"Overall, how stressful was your day?
",7,538ce40a-2d9f-4e77-843f-c429b9a6e0b8,"What level of stress do you expect for the next day?
",7,e66d6b15-e85e-45fd-822c-217e8e96fa68,How much did this method (having indoor plants in your surroundings) help you feel better about yourself? <b>(1 = Not helpful at all to 10 = Very helpful)  <i>(Answer ONLY if you have had indoor plants around you!)</i></b>,8,db6e7cf1-33ba-4222-8dc7-53d98d0643ba,"When you are not practicing the method (not having indoor plants in your surroundings) today, do you feel a lack or difficulty managing your stress? <b>(1 = No difficulty to 10 = Significant difficulty) <i>(Answer ONLY if you have NOT had indoor plants around you!)</i></b>",1,cca60e4b-5363-49aa-924a-2843659ad958,Mediators,false,e1e6ff2f-3524-49ae-9a21-35c2fb37f22c,"Did anything about your <b>educational life</b> stress you out today, like homework, presentations, or exams?",,9a3579bf-c4bd-430a-9ce7-4d5e9fad6397,"Do you feel stressed out today by <b>overthinking</b>?
",
2025-04-15 19:10:22.829675Z,cca60e4b-5363-49aa-924a-2843659ad958,Mediators,21af6390-f69a-48d3-9033-9150527ad76b,2025-04-14 22:00:00.000Z,,0,801e95db-9a93-4b86-b82a-4040faca41f1,Indoor plants!,7fbd8e06-c5a2-4ac6-a3ff-c4fa4a98f48f,Outcome,false,9f5424f4-f23c-49ee-baa8-77d96a62552d,"Overall, how stressful was your day?
",,538ce40a-2d9f-4e77-843f-c429b9a6e0b8,"What level of stress do you expect for the next day?
",,e66d6b15-e85e-45fd-822c-217e8e96fa68,How much did this method (having indoor plants in your surroundings) help you feel better about yourself? <b>(1 = Not helpful at all to 10 = Very helpful)  <i>(Answer ONLY if you have had indoor plants around you!)</i></b>,,db6e7cf1-33ba-4222-8dc7-53d98d0643ba,"When you are not practicing the method (not having indoor plants in your surroundings) today, do you feel a lack or difficulty managing your stress? <b>(1 = No difficulty to 10 = Significant difficulty) <i>(Answer ONLY if you have NOT had indoor plants around you!)</i></b>",,cca60e4b-5363-49aa-924a-2843659ad958,Mediators,true,e1e6ff2f-3524-49ae-9a21-35c2fb37f22c,"Did anything about your <b>educational life</b> stress you out today, like homework, presentations, or exams?",8,9a3579bf-c4bd-430a-9ce7-4d5e9fad6397,"Do you feel stressed out today by <b>overthinking</b>?
",8
2025-04-15 19:09:35.980581Z,7fbd8e06-c5a2-4ac6-a3ff-c4fa4a98f48f,Outcome,21af6390-f69a-48d3-9033-9150527ad76b,2025-04-14 22:00:00.000Z,,0,801e95db-9a93-4b86-b82a-4040faca41f1,Indoor plants!,7fbd8e06-c5a2-4ac6-a3ff-c4fa4a98f48f,Outcome,true,9f5424f4-f23c-49ee-baa8-77d96a62552d,"Overall, how stressful was your day?
",7,538ce40a-2d9f-4e77-843f-c429b9a6e0b8,"What level of stress do you expect for the next day?
",6,e66d6b15-e85e-45fd-822c-217e8e96fa68,How much did this method (having indoor plants in your surroundings) help you feel better about yourself? <b>(1 = Not helpful at all to 10 = Very helpful)  <i>(Answer ONLY if you have had indoor plants around you!)</i></b>,8,db6e7cf1-33ba-4222-8dc7-53d98d0643ba,"When you are not practicing the method (not having indoor plants in your surroundings) today, do you feel a lack or difficulty managing your stress? <b>(1 = No difficulty to 10 = Significant difficulty) <i>(Answer ONLY if you have NOT had indoor plants around you!)</i></b>",1,cca60e4b-5363-49aa-924a-2843659ad958,Mediators,false,e1e6ff2f-3524-49ae-9a21-35c2fb37f22c,"Did anything about your <b>educational life</b> stress you out today, like homework, presentations, or exams?",,9a3579bf-c4bd-430a-9ce7-4d5e9fad6397,"Do you feel stressed out today by <b>overthinking</b>?
",